Book Id,Title,Author,Author l-f,Additional Authors,ISBN,ISBN13,My Rating,Average Rating,Publisher,Binding,Number of Pages,Year Published,Original Publication Year,Date Read,Date Added,Bookshelves,Bookshelves with positions,Exclusive Shelf,My Review,Spoiler,Private Notes,Read Count,Owned Copies
55824,A History of Russia,Nicholas V. Riasanovsky,"Riasanovsky, Nicholas V.",Mark Steinberg,"=""0195153928""","=""9780195153927""",0,3.98,Oxford University Press,Paperback,464,2004,1962,,2024/10/12,to-read,to-read (#250),to-read,,,,0,0
55822,A History of Russia,Nicholas V. Riasanovsky,"Riasanovsky, Nicholas V.",Mark Steinberg,"=""0195153936""","=""9780195153934""",0,3.98,Oxford University Press,Paperback,464,2004,1962,,2024/10/12,to-read,to-read (#251),to-read,,,,0,0
184419,The Man Who Was Thursday: A Nightmare,G.K. Chesterton,"Chesterton, G.K.","Jonathan Lethem, José Laurênio de Mello","=""0375757910""","=""9780375757914""",0,3.83,Modern Library,Paperback,182,2001,1908,,2024/12/17,to-read,to-read (#257),to-read,,,,0,0
52381770,"Network Effect (The Murderbot Diaries, #5)",Martha Wells,"Wells, Martha",,"=""1250229863""","=""9781250229861""",0,4.47,Tor.com,Hardcover,352,2020,2020,,2023/03/23,"do_not_own_it, hugo-award-winners, currently-reading","do_not_own_it (#70), hugo-award-winners (#49), currently-reading (#2)",currently-reading,,,,1,0
35519109,"Exit Strategy (The Murderbot Diaries, #4)",Martha Wells,"Wells, Martha",,"=""""","=""""",4,4.38,Tordotcom,Kindle Edition,163,2018,2018,2024/12/14,2023/03/23,do_not_own_it,do_not_own_it (#72),read,,,,1,0
7144,Crime and Punishment,Fyodor Dostoevsky,"Dostoevsky, Fyodor","David McDuff, Joseph Frank","=""""","=""""",4,4.27,Penguin,Paperback,671,2002,1866,2024/10/27,2021/01/09,do_not_own_it,do_not_own_it (#35),read,,,,1,0
333706,The Odyssey,Homer,"Homer, Homer","Robert Fagles, Bernard Knox","=""0140268863""","=""9780140268867""",4,3.81,Penguin Classics,Paperback,560,1997,-700,2024/12/08,2024/09/02,,,read,,,,1,0
31795,The Story of Philosophy: The Lives and Opinions of the World's Greatest Philosophers,Will Durant,"Durant, Will",,"=""0671739166""","=""9780671739164""",0,4.15,Pocket Books,Paperback,704,1991,1926,,2024/11/16,to-read,to-read (#256),to-read,,,,0,0
26228034,"The Obelisk Gate (The Broken Earth, #2)",N.K. Jemisin,"Jemisin, N.K.",,"=""""","=""""",5,4.3,Orbit,Paperback,410,2016,2016,2024/11/13,2023/03/23,"do_not_own_it, hugo-award-winners","do_not_own_it (#68), hugo-award-winners (#47)",read,I cannot recommend this series enough. I can’t wait to read the third one. The book has so many layers and mysteries! Each character has their own motivations and personality and that makes this extremely fantastical book feel extremely real.,,,1,0
26030734,"The Wild Robot (The Wild Robot, #1)",Peter  Brown,"Brown, Peter",,"=""0316381993""","=""9780316381994""",0,4.18,"Little, Brown Books for Young Readers",Hardcover,282,2016,2016,,2024/11/12,to-read,to-read (#255),to-read,,,,0,0
112975131,"The Kingdom, the Power, and the Glory: American Evangelicals in an Age of Extremism",Tim Alberta,"Alberta, Tim",,"=""006322688X""","=""9780063226883""",0,4.43,Harper,Paperback,506,2023,2023,,2024/10/17,to-read,to-read (#254),to-read,,,,0,0
680412,Nicholas II: Twilight of the Empire,Dominic Lieven,"Lieven, Dominic",,"=""0312143796""","=""9780312143794""",0,3.88,St. Martin's Press,Paperback,304,1996,1993,,2024/10/12,to-read,to-read (#253),to-read,,,,0,0
28381,Dead Souls,Nikolai Gogol,"Gogol, Nikolai",Robert A. Maguire,"=""0140448071""","=""9780140448078""",0,3.98,Penguin Classics,Paperback,464,2004,1842,,2024/10/12,to-read,to-read (#252),to-read,,,,0,0
5695,Demons,Fyodor Dostoevsky,"Dostoevsky, Fyodor","Richard Pevear, Larissa Volokhonsky","=""""","=""""",0,4.3,Vintage,Paperback,733,1995,1872,,2024/10/07,to-read,to-read (#249),to-read,,,,0,0
233649,"The Great Hunt (The Wheel of Time, #2)",Robert Jordan,"Jordan, Robert",,"=""0812517725""","=""9780812517729""",5,4.27,Tor,Mass Market Paperback,705,1991,1990,2021/08/23,2021/07/30,,,read,,,,2,0
7126,The Count of Monte Cristo,Alexandre Dumas,"Dumas, Alexandre",Robin Buss,"=""""","=""""",0,4.31,Penguin Classics,Paperback,1276,2003,1844,,2024/09/02,to-read,to-read (#248),to-read,,,,0,0
338798,Ulysses,James Joyce,"Joyce, James","Morris L. Ernst, John M. Woolsey","=""""","=""""",0,3.76,Vintage,Paperback,783,1990,1922,,2024/09/02,to-read,to-read (#247),to-read,,,,0,0
202776726,Alien Clay,Adrian Tchaikovsky,"Tchaikovsky, Adrian",,"=""0316578975""","=""9780316578974""",0,4.04,Orbit,Paperback,432,2024,2024,,2024/09/01,to-read,to-read (#246),to-read,,,,0,0
19161852,"The Fifth Season (The Broken Earth, #1)",N.K. Jemisin,"Jemisin, N.K.",,"=""""","=""""",5,4.3,Orbit,Paperback,468,2015,2015,2024/08/25,2022/03/30,hugo-award-winners,hugo-award-winners (#46),read,,,,1,0
207293815,Sky Full of Elephants,Cebo Campbell,"Campbell, Cebo",,"=""1668034921""","=""9781668034927""",0,3.87,Simon & Schuster,Hardcover,304,2024,2024,,2024/08/19,to-read,to-read (#245),to-read,,,,0,0
210367505,"Absolution (Southern Reach, #4)",Jeff VanderMeer,"VanderMeer, Jeff",,"=""0374616590""","=""9780374616595""",0,3.72,MCD,Hardcover,441,2024,2024,,2024/08/19,to-read,to-read (#244),to-read,,,,0,0
195791689,Hum,Helen          Phillips,"Phillips, Helen",,"=""1668008831""","=""9781668008836""",0,3.52,S&S/ Marysue Rucci Books,Hardcover,272,2024,2024,,2024/08/13,to-read,to-read (#243),to-read,,,,0,0
57043,"Foreigner (Foreigner, #1)",C.J. Cherryh,"Cherryh, C.J.",,"=""0756402514""","=""9780756402518""",0,3.92,DAW,Mass Market Paperback,428,2004,1994,,2024/08/11,to-read,to-read (#242),to-read,,,,0,0
57042,"The Faded Sun Trilogy (The Faded Sun, #1-3)",C.J. Cherryh,"Cherryh, C.J.",,"=""0886778697""","=""9780886778699""",0,4.13,DAW,Mass Market Paperback,784,2000,1978,,2024/08/11,to-read,to-read (#241),to-read,,,,0,0
998190,Sunfall,C.J. Cherryh,"Cherryh, C.J.",,"=""0879976187""","=""9780879976187""",4,3.63,DAW Books,Mass Market Paperback,158,1981,1981,2024/08/11,2022/05/21,,,read,,,,1,0
48484,"Blindsight (Firefall, #1)",Peter Watts,"Watts, Peter",,"=""0765312182""","=""9780765312181""",0,4.01,Tor Books,Hardcover,384,2006,2006,,2022/09/14,"to-read, do_not_own_it","to-read (#150), do_not_own_it (#4)",to-read,,,,0,0
50663055,Elder Race,Adrian Tchaikovsky,"Tchaikovsky, Adrian",,"=""1250768721""","=""9781250768728""",4,4.1,Tordotcom,Paperback,201,2021,2021,2024/07/28,2024/07/20,,,read,,,,1,0
16793,Stardust,Neil Gaiman,"Gaiman, Neil",,"=""0061142026""","=""9780061142024""",0,4.1,Harper Perennial,Paperback,248,2006,1999,,2024/07/26,to-read,to-read (#240),to-read,,,,0,0
6162,All the Pretty Horses,Cormac McCarthy,"McCarthy, Cormac",,"=""0739412531""","=""9780739412534""",5,4.05,Vintage,Paperback,302,1992,1992,2024/07/19,2021/01/09,,,read,,,,1,0
1103654,The Sound and the Fury,William Faulkner,"Faulkner, William",,"=""0394747747""","=""9780394747743""",3,3.86,Vintage,Paperback,378,1987,1929,2024/04/25,2024/04/09,,,read,I think that if I reread it I might enjoy it more the second time. All three of these stars come from the Benjy section. The middle third was rough because I found it boring. The final third was rough because of how much I hated Jason,,,1,0
14836,Midnight’s Children,Salman Rushdie,"Rushdie, Salman",,"=""0099578514""","=""9780099578512""",0,3.98,Vintage,Paperback,647,1995,1981,,2024/07/06,to-read,to-read (#239),to-read,,,,0,0
4900,Heart of Darkness,Joseph Conrad,"Conrad, Joseph",,"=""1892295490""","=""9781892295491""",0,3.43,Green Integer,Paperback,188,2003,1899,,2024/07/02,to-read,to-read (#238),to-read,,,,0,0
53205854,"Fugitive Telemetry (The Murderbot Diaries, #6)",Martha Wells,"Wells, Martha",,"=""1250765374""","=""9781250765376""",0,4.3,Tor.com,Hardcover,168,2021,2021,,2024/07/01,to-read,to-read (#237),to-read,,,,0,0
35519101,"Rogue Protocol (The Murderbot Diaries, #3)",Martha Wells,"Wells, Martha",,"=""1250191785""","=""9781250191786""",5,4.25,Tor.com,Hardcover,160,2018,2018,2024/07/01,2023/03/23,do_not_own_it,do_not_own_it (#71),read,,,,1,0
228665,"The Eye of the World (The Wheel of Time, #1)",Robert Jordan,"Jordan, Robert",,"=""0812511816""","=""9780812511819""",5,4.19,Tor Books,Mass Market Paperback,800,1990,1990,2021/08/01,2021/07/18,,,read,,,,2,0
52382796,"Shōgun (Asian Saga, #1)",James Clavell,"Clavell, James",,"=""1982603844""","=""9781982603847""",0,4.41,Blackstone Publishing,Paperback,1152,2020,1975,,2024/05/28,to-read,to-read (#236),to-read,,,,0,0
13543121,Between Two Fires,Christopher Buehlman,"Buehlman, Christopher",,"=""1937007863""","=""9781937007867""",0,4.25,Ace,Hardcover,432,2012,2012,,2024/05/24,to-read,to-read (#235),to-read,,,,0,0
40961621,"King Leopold's Ghost: A Story of Greed, Terror, and Heroism in Colonial Africa",Adam Hochschild,"Hochschild, Adam",,"=""""","=""""",0,4.18,Mariner Books,Kindle Edition,442,1999,1998,,2023/03/10,currently-reading,currently-reading (#1),currently-reading,,,,1,0
102534,The Sagas of Icelanders,Jane Smiley,"Smiley, Jane","Robert H. Kellogg, Katrina C. Attwood, Bernard Scudder, George Clark, Anthony Maxwell, Keneva Kunz, Andrew Wawn, Terry Gunnell, Ruth C. Ellison, Martin Regal","=""0141000031""","=""9780141000039""",0,4.31,Penguin Classics,Paperback,782,2001,1997,,2022/12/20,to-read,to-read (#234),to-read,,,,1,0
38820047,Killing Commendatore,Haruki Murakami,"Murakami, Haruki",,"=""052552004X""","=""9780525520047""",0,3.91,Knopf,Hardcover,681,2018,2017,,2024/05/15,to-read,to-read (#233),to-read,,,,0,0
88071,"The Last Colony (Old Man's War, #3)",John Scalzi,"Scalzi, John",,"=""0765316978""","=""9780765316974""",0,4.1,Tor Books,Hardcover,320,2007,2007,,2024/05/13,to-read,to-read (#232),to-read,,,,0,0
251632,Hospital of the Transfiguration,Stanisław Lem,"Lem, Stanisław",William Brand,"=""0156421763""","=""9780156421768""",0,3.78,Mariner Books,Paperback,228,1991,1948,,2024/05/13,to-read,to-read (#231),to-read,,,,0,0
201930181,"The Mercy of Gods (The Captive’s War, #1)",James S.A. Corey,"Corey, James S.A.",,"=""031652557X""","=""9780316525572""",0,4.2,Orbit,Hardcover,422,2024,2024,,2024/05/03,to-read,to-read (#230),to-read,,,,0,0
195790861,Service Model,Adrian Tchaikovsky,"Tchaikovsky, Adrian",,"=""1250290287""","=""9781250290281""",0,4.04,Tor Books,Hardcover,376,2024,2024,,2024/04/29,to-read,to-read (#229),to-read,,,,0,0
60850767,"Children of Memory (Children of Time, #3)",Adrian Tchaikovsky,"Tchaikovsky, Adrian",,"=""1529087201""","=""9781529087208""",0,4.01,Tor,Kindle Edition,486,2022,2022,,2024/04/08,to-read,to-read (#228),to-read,,,,0,0
41716930,"Children of Ruin (Children of Time, #2)",Adrian Tchaikovsky,"Tchaikovsky, Adrian",,"=""031645253X""","=""9780316452533""",4,4.05,Orbit,Paperback,597,2019,2019,2024/04/08,2024/03/13,,,read,,,,1,0
190576,Remembrance of Things Past: Volume I - Swann's Way & Within a Budding Grove,Marcel Proust,"Proust, Marcel","C.K. Scott Moncrieff, Terence Kilmartin","=""0394711823""","=""9780394711829""",0,4.29,Vintage,Paperback,1056,1982,1913,,2024/04/04,to-read,to-read (#227),to-read,,,,0,0
28766,Fiasco,Stanisław Lem,"Lem, Stanisław",,"=""0156306301""","=""9780156306300""",0,4.1,Harper Voyager,Paperback,322,1988,1986,,2024/04/01,to-read,to-read (#226),to-read,,,,0,0
176450755,The Other Valley,Scott Alexander Howard,"Howard, Scott Alexander",,"=""1668015471""","=""9781668015476""",0,3.88,Atria Books,Hardcover,304,2024,2024,,2024/03/17,to-read,to-read (#225),to-read,,,,0,0
136251,"Harry Potter and the Deathly Hallows (Harry Potter, #7)",J.K. Rowling,"Rowling, J.K.",,"=""""","=""""",5,4.62,Arthur A. Levine Books,Hardcover,759,2007,2007,2024/03/13,2024/02/25,,,read,,,,1,0
22058579,The Best of Cordwainer Smith,Cordwainer Smith,"Smith, Cordwainer",J.J. Pierce,"=""""","=""""",0,4.13,Nelson Doubleday,Hardcover,342,1975,1975,,2024/03/08,to-read,to-read (#224),to-read,,,,0,0
71984,"Ghost Wars: The Secret History of the CIA, Afghanistan, and Bin Laden from the Soviet Invasion to September 10, 2001",Steve Coll,"Coll, Steve",,"=""0143034669""","=""9780143034667""",0,4.31,Penguin Books (London),Paperback,712,2004,2004,,2023/12/30,to-read,to-read (#223),to-read,,,,0,0
17691250,The Man Who Laughs. A Graphic Novel,David Hine,"Hine, David","Mark Stafford, Victor Hugo","=""1906838585""","=""9781906838584""",0,4.02,SelfMadeHero,Paperback,167,2013,2013,,2021/01/09,to-read,to-read (#13),to-read,,,,0,0
35407773,Solaris,Stanisław Lem,"Lem, Stanisław","Joanna Kilmartin, Steve Cox","=""""","=""""",4,3.99,Mariner Books,Paperback,224,2002,1961,2024/02/16,2022/03/21,,,read,,,,1,0
845485,Downward to the Earth,Robert Silverberg,"Silverberg, Robert",Gene Szafran,"=""0451044975""","=""9780451044976""",0,3.91,Roc,Mass Market Paperback,176,1971,1969,,2024/02/09,"to-read, do_not_own_it","to-read (#221), do_not_own_it (#77)",to-read,,,,0,0
1117681,The World Inside,Robert Silverberg,"Silverberg, Robert",,"=""""","=""""",0,3.73,Bantam Books,Mass Market Paperback,167,1983,1971,,2024/02/09,to-read,to-read (#222),to-read,,,,0,0
40864002,"A Psalm for the Wild-Built (Monk & Robot, #1)",Becky  Chambers,"Chambers, Becky",,"=""""","=""""",4,4.25,Tordotcom,Kindle Edition,151,2021,2021,2024/01/31,2022/07/10,,,read,,,,1,0
36223860,"Artificial Condition (The Murderbot Diaries, #2)",Martha Wells,"Wells, Martha",,"=""""","=""""",4,4.26,Tor.com,Hardcover,160,2018,2018,2024/01/27,2023/03/23,,,read,,,,1,0
31451186,"Borne (Borne, #1)",Jeff VanderMeer,"VanderMeer, Jeff",,"=""0374115249""","=""9780374115241""",0,3.93,"MCD / Farrar, Straus and Giroux ",Hardcover,323,2017,2017,,2024/01/24,to-read,to-read (#220),to-read,,,,0,0
57007980,"The Ottomans: Khans, Caesars, and Caliphs",Marc David Baer,"Baer, Marc David",,"=""1541673808""","=""9781541673809""",3,3.95,Basic Books,Hardcover,560,2021,2021,2024/01/23,2023/12/21,,,read,,,,1,0
5940939,"The Forever War (The Forever War, #1)",Joe Haldeman,"Haldeman, Joe",,"=""0312536631""","=""9780312536633""",0,4.14,St. Martin's Griffin,Paperback,265,2009,1974,,2022/04/01,"to-read, hugo-award-winners","to-read (#88), hugo-award-winners (#10)",to-read,,,,0,0
20351202,The Man in the High Castle,Philip K. Dick,"Dick, Philip K.",,"=""""","=""""",0,3.6,Houghton Mifflin Harcourt,Kindle Edition,278,2012,1962,,2022/03/30,"to-read, hugo-award-winners","to-read (#80), hugo-award-winners (#18)",to-read,,,,0,0
12101672,The Best of C.M. Kornbluth,C.M. Kornbluth,"Kornbluth, C.M.",Frederik Pohl,"=""""","=""""",4,4.08,"Nelson Doubleday, Inc.",Hardcover,312,1976,1976,2024/01/04,2022/09/14,,,read,,,,1,0
60784614,Cobalt Red: How the Blood of the Congo Powers Our Lives,Siddharth Kara,"Kara, Siddharth",,"=""1250284309""","=""9781250284303""",0,4.37,St. Martin's Press,Hardcover,288,2023,2023,,2024/01/03,to-read,to-read (#219),to-read,,,,0,0
660071,The Gamesman,Barry N. Malzberg,"Malzberg, Barry N.",,"=""0671801740""","=""9780671801748""",0,3.32,Pocket Books,Paperback,188,1975,1975,,2023/12/28,to-read,to-read (#218),to-read,,,,0,0
55169755,"BRZRKR, Volume 1",Keanu Reeves,"Reeves, Keanu","Matt Kindt, Ron Garney, Bill Crabtree, Clem Robins, Rafael Grampá","=""1684156858""","=""9781684156856""",4,3.75,BOOM! Studios,Paperback,144,2021,2021,2023/12/25,2022/07/30,,,read,,,,1,0
525878,Breakfast of Champions,Kurt Vonnegut Jr.,"Jr., Kurt Vonnegut",,"=""""","=""""",5,4.07,Vintage,Paperback,296,2000,1973,2023/12/17,2023/12/13,,,read,,,,1,0
4979,A Man Without a Country,Kurt Vonnegut Jr.,"Jr., Kurt Vonnegut",Daniel Simon,"=""081297736X""","=""9780812977363""",0,4.09,Random House Trade Paperbacks,Paperback,145,2007,2005,,2023/12/17,"to-read, do_not_own_it","to-read (#217), do_not_own_it (#76)",to-read,,,,0,0
970602,The Night Land,William Hope Hodgson,"Hodgson, William Hope",,"=""1587156040""","=""9781587156045""",0,3.5,Borgo Press,Paperback,357,2001,1912,,2023/12/12,to-read,to-read (#216),to-read,,,,0,0
53116190,"The Ghost Brigades (Old Man's War, #2)",John Scalzi,"Scalzi, John",,"=""""","=""""",5,4.12,TOR,Mass Market Paperback,376,2007,2006,2023/12/12,2023/09/02,,,read,,,,1,0
171586,"The Venture of Islam, Vol 1: The Classical Age of Islam",Marshall G.S. Hodgson,"Hodgson, Marshall G.S.",,"=""0226346838""","=""9780226346830""",0,4.23,University of Chicago Press,Paperback,532,1977,1974,,2023/12/08,to-read,to-read (#215),to-read,,,,0,0
78107,A Peace to End All Peace: The Fall of the Ottoman Empire and The Creation of the Modern Middle East,David Fromkin,"Fromkin, David",,"=""0805068848""","=""9780805068849""",0,4.21,Owl Books,Paperback,635,2001,1989,,2023/12/08,to-read,to-read (#214),to-read,,,,0,0
34617904,Destiny Disrupted: A History of the World Through Islamic Eyes,Tamim Ansary,"Ansary, Tamim",,"=""""","=""""",0,4.39,PublicAffairs,Kindle Edition,416,2009,2009,,2023/12/08,to-read,to-read (#213),to-read,,,,0,0
64533,The Crusades Through Arab Eyes,Amin Maalouf,"Maalouf, Amin",,"=""0805208984""","=""9780805208986""",0,4.2,Schocken,Paperback,293,1989,1983,,2023/12/08,to-read,to-read (#212),to-read,,,,0,0
22313627,"Words of Radiance (The Stormlight Archive, #2)",Brandon Sanderson,"Sanderson, Brandon",,"=""0765365286""","=""9780765365286""",4,4.76,Tor Fantasy,Mass Market Paperback,1310,2015,2014,2023/11/30,2022/08/06,,,read,"I just wish that the first 900 pages had been as captivating as the last 400. Maybe as I move on in the series I will look back with fondness on those 900 pages, but I was convinced I was not going to continue the series. Luckily the last quarter of the book changed my mind",,,1,0
226004,"A Deepness in the Sky (Zones of Thought, #2)",Vernor Vinge,"Vinge, Vernor",,"=""0812536355""","=""9780812536355""",0,4.32,Tor Science Fiction,Mass Market Paperback,775,2000,1999,,2023/03/23,"to-read, do_not_own_it, hugo-award-winners","to-read (#187), do_not_own_it (#64), hugo-award-winners (#42)",to-read,,,,0,0
64284779,Meditations,Marcus Aurelius,"Aurelius, Marcus",,"=""1398819271""","=""9781398819276""",0,4.28,Arcturus Publishing Ltd,Hardcover,208,2022,180,,2023/02/28,to-read,to-read (#211),to-read,,,,0,0
2362928,The Mote in God's Eye,Larry Niven,"Niven, Larry",Jerry Pournelle,"=""0671456180""","=""9780671456184""",0,4.07,Pocket,Paperback,560,1982,1974,,2022/09/14,to-read,to-read (#210),to-read,,,,0,0
40537082,"Children of Time (Children of Time, #1)",Adrian Tchaikovsky,"Tchaikovsky, Adrian",,"=""0316452505""","=""9780316452502""",5,4.3,Orbit,Paperback,600,2018,2015,2023/09/13,2023/07/23,,,read,I have not been able to shut up about this book the entire time I’ve been reading it. This is one of the best books I have read all year or even ever. I went into it not having much of an idea as to what it was about and that is the way to do it. Let the author unravel this insane/beautiful/terrifying world that he has created without having any preconceived ideas. ,,,1,0
1,"Harry Potter and the Half-Blood Prince (Harry Potter, #6)",J.K. Rowling,"Rowling, J.K.",,"=""""","=""""",5,4.58,Scholastic Inc,Paperback,652,2006,2005,,2023/09/02,,,read,,,,0,0
65211701,"System Collapse (The Murderbot Diaries, #7)",Martha Wells,"Wells, Martha",,"=""1250826977""","=""9781250826978""",0,4.23,Tor Publishing Group/Tordotcom,Hardcover,256,2023,2023,,2023/09/06,to-read,to-read (#209),to-read,,,,0,0
61885029,Starter Villain,John Scalzi,"Scalzi, John",,"=""0765389223""","=""9780765389220""",0,4.14,Tor Books,Hardcover,264,2023,2023,,2023/09/06,to-read,to-read (#208),to-read,,,,0,0
37703587,"Old Man's War (Old Man's War, #1)",John Scalzi,"Scalzi, John",,"=""""","=""""",5,4.23,Tom Doherty Associates ,Mass Market Paperback,355,2007,2005,2023/09/02,2022/05/16,,,read,,,,1,0
651807,We Who Are About To...,Joanna Russ,"Russ, Joanna",Samuel R. Delany,"=""0819567590""","=""9780819567598""",0,3.53,Wesleyan University Press,Paperback,144,2005,1976,,2023/09/02,to-read,to-read (#207),to-read,,,,0,0
57945316,Babel,R.F. Kuang,"Kuang, R.F.",,"=""0063021420""","=""9780063021426""",0,4.17,Harper Voyager,Hardcover,544,2022,2022,,2023/07/23,to-read,to-read (#203),to-read,,,,0,0
26114545,"Too Like the Lightning (Terra Ignota, #1)",Ada Palmer,"Palmer, Ada",,"=""0765378000""","=""9780765378002""",0,3.82,Tor Books,Hardcover,432,2016,2016,,2023/07/23,"to-read, do_not_own_it","to-read (#204), do_not_own_it (#75)",to-read,,,,0,0
61423693,Light Bringer (Red Rising #6),Pierce Brown,"Brown, Pierce",,"=""0425285979""","=""9780425285978""",0,4.75,Del Rey,Hardcover,683,2023,2023,,2023/07/23,"to-read, do_not_own_it","to-read (#205), do_not_own_it (#74)",to-read,,,,0,0
53019456,"Shards of Earth (The Final Architecture, #1)",Adrian Tchaikovsky,"Tchaikovsky, Adrian",,"=""0316705853""","=""9780316705851""",0,4.18,Orbit,Hardcover,548,2021,2021,,2023/07/23,"to-read, do_not_own_it","to-read (#206), do_not_own_it (#73)",to-read,,,,0,0
13055592,Redshirts,John Scalzi,"Scalzi, John",,"=""0765316994""","=""9780765316998""",0,3.86,Tor Books,ebook,320,2012,2012,,2022/03/30,"to-read, hugo-award-winners","to-read (#69), hugo-award-winners (#50)",to-read,,,,0,0
1191620,Contact,Carl Sagan,"Sagan, Carl",,"=""0671434004""","=""9780671434007""",0,4.15,Simon & Schuster ,Hardcover,432,1985,1985,,2022/03/26,to-read,to-read (#65),to-read,,,,0,0
33387769,"All Systems Red (The Murderbot Diaries, #1)",Martha Wells,"Wells, Martha",,"=""0765397536""","=""9780765397539""",5,4.14,Tor.com,Paperback,160,2017,2017,2023/08/28,2022/03/30,,,read,,,,1,0
22328,"Neuromancer (Sprawl, #1)",William Gibson,"Gibson, William",,"=""""","=""""",3,3.89,Ace Books,Mass Market Paperback,271,1984,1984,2023/08/28,2022/04/01,hugo-award-winners,hugo-award-winners (#7),read,,,,1,0
18050012,A Memory of Light (Wheel of Time #14),Robert Jordan,"Jordan, Robert",Brandon Sanderson,"=""0765364883""","=""9780765364883""",5,4.57,TOR Fantasy,Mass Market Paperback,1148,2014,2013,2023/08/22,2022/04/18,,,read,,,,1,0
8599459,Ficciones,Jorge Luis Borges,"Borges, Jorge Luis",,"=""""","=""""",0,4.41,Grove Press,Paperback,174,1962,1944,,2023/06/07,to-read,to-read (#198),to-read,,,,0,0
1504717,"The Forge of God (Forge of God, #1)",Greg Bear,"Bear, Greg",,"=""0812531671""","=""9780812531671""",0,3.86,Tom Doherty Associates,Mass Market Paperback,475,1988,1987,,2023/07/16,to-read,to-read (#202),to-read,,,,0,0
2,"Harry Potter and the Order of the Phoenix (Harry Potter, #5)",J.K. Rowling,"Rowling, J.K.",Mary GrandPré,"=""""","=""""",5,4.5,Scholastic Inc.,Paperback,912,2004,2003,2023/07/19,2023/07/08,,,read,,,,1,0
6,"Harry Potter and the Goblet of Fire (Harry Potter, #4)",J.K. Rowling,"Rowling, J.K.","Mary GrandPré, Jim Kay","=""""","=""""",5,4.57,Scholastic,Paperback,734,2002,2000,2023/07/08,2023/06/29,,,read,,,,1,0
445229,Nova,Samuel R. Delany,"Delany, Samuel R.",,"=""0553100319""","=""9780553100310""",0,3.8,Bantam,Mass Market Paperback,216,1975,1968,,2022/09/14,to-read,to-read (#201),to-read,,,,0,0
5,"Harry Potter and the Prisoner of Azkaban (Harry Potter, #3)",J.K. Rowling,"Rowling, J.K.",Mary GrandPré,"=""043965548X""","=""9780439655484""",5,4.58,Scholastic Inc.,Mass Market Paperback,435,2004,1999,2023/06/29,2023/06/19,,,read,,,,1,0
50968,"Harry Potter and the Chamber of Secrets (Harry Potter, #2)",J.K. Rowling,"Rowling, J.K.",Mary GrandPré,"=""""","=""""",5,4.43,Scholastic Inc.,Paperback,341,2000,1998,2023/06/19,2023/06/14,,,read,,,,1,0
61769142,"The Other Evangelicals: A Story of Liberal, Black, Progressive, Feminist, and Gay Christians―and the Movement That Pushed Them Out",Isaac B. Sharp,"Sharp, Isaac B.",David P. Gushee,"=""0802881750""","=""9780802881755""",0,4.19,Eerdmans,Hardcover,384,2023,,,2023/06/16,to-read,to-read (#200),to-read,,,,0,0
121121,"Harry Potter and the Sorcerer's Stone (Harry Potter, #1)",J.K. Rowling,"Rowling, J.K.",Mary GrandPré,"=""""","=""""",5,4.47,Scholastic Inc.,Paperback,309,1998,1997,2023/06/14,2022/01/19,,,read,,,,1,0
36174657,Jonathan Strange & Mr Norrell,Susanna Clarke,"Clarke, Susanna",,"=""1408891468""","=""9781408891469""",3,3.86,Bloomsbury,Paperback,1006,2017,2004,2023/06/10,2022/04/01,hugo-award-winners,hugo-award-winners (#5),read,,,,1,0
675308,Death Traps: The Survival of an American Armored Division in World War II,Belton Y. Cooper,"Cooper, Belton Y.",,"=""0891418148""","=""9780891418146""",0,4.02,Presidio Press,Mass Market Paperback,355,2003,1998,,2023/06/08,to-read,to-read (#199),to-read,,,,0,0
54031962,"Worlds of Exile and Illusion: Rocannon's World / Planet of Exile / City of Illusions (Hainish Cycle, #1-3)",Ursula K. Le Guin,"Guin, Ursula K. Le",,"=""1473230985""","=""9781473230989""",0,4.25,Gateway,Paperback,370,2020,1966,,2022/05/16,to-read,to-read (#197),to-read,,,,0,0
91490,Stranger in a Strange Land,Robert A. Heinlein,"Heinlein, Robert A.",,"=""042542202X""","=""9780425422021""",0,3.92,Berkley Books D2202,Paperback,414,1975,1961,,2022/03/30,"hugo-award-winners, to-read","hugo-award-winners (#19), to-read (#196)",to-read,,,,0,0
7869,"The Bourne Identity (Jason Bourne, #1)",Robert Ludlum,"Ludlum, Robert",,"=""0752864327""","=""9780752864327""",0,4.05,Orion,Paperback,566,2005,1980,,2023/04/26,to-read,to-read (#195),to-read,,,,0,0
920443,Liberty and the News (The James Madison Library in American Politics),Walter Lippmann,"Lippmann, Walter","Ronald Steel, Sidney Blumenthal, Sean Wilentz","=""0691134804""","=""9780691134802""",0,3.89,Princeton University Press,Paperback,120,2007,1995,,2023/04/18,to-read,to-read (#194),to-read,,,,0,0
28116133,"American Gods (American Gods, #1)",Neil Gaiman,"Gaiman, Neil",,"=""""","=""""",3,4.11,William Morrow,Paperback,750,2016,2001,2023/04/12,2022/04/01,hugo-award-winners,hugo-award-winners (#1),read,,,,1,0
62979704,Counterweight,Djuna,"Djuna, Djuna",Anton Hur,"=""0593317211""","=""9780593317211""",0,3.06,Pantheon,Hardcover,176,2023,2021,,2023/03/26,to-read,to-read (#193),to-read,,,,0,0
61273762,Loki's Ring,Stina Leicht,"Leicht, Stina",,"=""1982170638""","=""9781982170639""",0,3.63,S&S/Saga Press,Paperback,512,2023,2023,,2023/03/26,to-read,to-read (#192),to-read,,,,0,0
201882,Planet of Exile,Ursula K. Le Guin,"Guin, Ursula K. Le",,"=""0441669514""","=""9780441669516""",4,3.72,Ace Books,Paperback,126,1971,1966,,2023/03/25,,,read,,,,1,0
31817749,"The Stone Sky (The Broken Earth, #3)",N.K. Jemisin,"Jemisin, N.K.",,"=""""","=""""",0,4.34,Orbit,Paperback,416,2017,2017,,2023/03/23,"to-read, do_not_own_it, hugo-award-winners","to-read (#191), do_not_own_it (#69), hugo-award-winners (#48)",to-read,,,,0,0
2213661,The Graveyard Book,Neil Gaiman,"Gaiman, Neil",Dave McKean,"=""0060530928""","=""9780060530921""",0,4.16,HarperCollins,Hardcover,312,2008,2008,,2023/03/23,"to-read, do_not_own_it, hugo-award-winners","to-read (#190), do_not_own_it (#67), hugo-award-winners (#45)",to-read,,,,0,0
16703,The Yiddish Policemen's Union,Michael Chabon,"Chabon, Michael",,"=""0007149824""","=""9780007149827""",0,3.71,HarperCollins,Hardcover,414,2007,2007,,2023/03/23,"to-read, do_not_own_it, hugo-award-winners","to-read (#189), do_not_own_it (#66), hugo-award-winners (#44)",to-read,,,,0,0
102439,Rainbows End,Vernor Vinge,"Vinge, Vernor",,"=""0812536363""","=""9780812536362""",0,3.77,Tor Science Fiction,Mass Market Paperback,381,2007,2006,,2023/03/23,"to-read, do_not_own_it, hugo-award-winners","to-read (#188), do_not_own_it (#65), hugo-award-winners (#43)",to-read,,,,0,0
77773,"To Say Nothing of the Dog (Oxford Time Travel, #2)",Connie Willis,"Willis, Connie",,"=""0553575384""","=""9780553575385""",0,4.11,Bantam Books,Mass Market Paperback,493,1998,1997,,2023/03/23,"to-read, do_not_own_it, hugo-award-winners","to-read (#186), do_not_own_it (#63), hugo-award-winners (#41)",to-read,,,,0,0
24983,"Doomsday Book (Oxford Time Travel, #1)",Connie Willis,"Willis, Connie",,"=""0553562738""","=""9780553562736""",0,4.03,Bantam Spectra,Mass Market Paperback,578,1992,1992,,2023/03/23,"to-read, hugo-award-winners","to-read (#185), hugo-award-winners (#40)",to-read,,,,0,0
827,"The Diamond Age: Or, a Young Lady's Illustrated Primer",Neal Stephenson,"Stephenson, Neal",,"=""0553380966""","=""9780553380965""",0,4.16,Spectra,Paperback,499,2000,1995,,2023/03/23,"to-read, do_not_own_it, hugo-award-winners","to-read (#184), do_not_own_it (#62), hugo-award-winners (#39)",to-read,,,,0,0
77711,"A Fire Upon the Deep (Zones of Thought, #1)",Vernor Vinge,"Vinge, Vernor",,"=""0812515285""","=""9780812515282""",0,4.14,Tor Science Fiction,Mass Market Paperback,613,1993,1992,,2022/04/01,"to-read, hugo-award-winners","to-read (#91), hugo-award-winners (#38)",to-read,,,,0,0
68483,"The Vor Game (Vorkosigan Saga, #6)",Lois McMaster Bujold,"Bujold, Lois McMaster",,"=""0671720147""","=""9780671720148""",0,4.27,Baen Books,Mass Market Paperback,346,2002,1990,,2023/03/22,"to-read, do_not_own_it, hugo-award-winners","to-read (#183), do_not_own_it (#61), hugo-award-winners (#37)",to-read,,,,0,0
834518,"Cyteen (Cyteen, #1-3)",C.J. Cherryh,"Cherryh, C.J.",,"=""0446671274""","=""9780446671279""",0,4,Aspect,Paperback,680,1995,1988,,2022/04/01,"to-read, do_not_own_it, hugo-award-winners","to-read (#92), do_not_own_it (#60), hugo-award-winners (#36)",to-read,,,,0,0
234489,"The Uplift War (The Uplift Saga, #3)",David Brin,"Brin, David",,"=""0553279718""","=""9780553279719""",0,4.07,Spectra,Mass Market Paperback,638,1995,1987,,2023/03/22,"to-read, do_not_own_it, hugo-award-winners","to-read (#182), do_not_own_it (#59), hugo-award-winners (#35)",to-read,,,,0,0
234501,"Startide Rising (The Uplift Saga, #2)",David Brin,"Brin, David",,"=""055327418X""","=""9780553274189""",0,4.04,Bantam Spectra,Mass Market Paperback,458,1983,1983,,2023/03/22,"to-read, do_not_own_it, hugo-award-winners","to-read (#181), do_not_own_it (#58), hugo-award-winners (#34)",to-read,,,,0,0
76683,"Foundation's Edge (Foundation, #4)",Isaac Asimov,"Asimov, Isaac",,"=""0553293389""","=""9780553293388""",0,4.18,Bantam/Spectra,Paperback,450,2010,1982,,2023/03/22,"to-read, do_not_own_it, hugo-award-winners","to-read (#180), do_not_own_it (#57), hugo-award-winners (#33)",to-read,,,,0,0
57045,"Downbelow Station (The Company Wars, #1)",C.J. Cherryh,"Cherryh, C.J.",,"=""0756400597""","=""9780756400590""",0,3.9,DAW,Mass Market Paperback,526,2001,1981,,2023/03/22,"to-read, do_not_own_it, hugo-award-winners","to-read (#179), do_not_own_it (#56), hugo-award-winners (#32)",to-read,,,,0,0
149049,The Fountains of Paradise,Arthur C. Clarke,"Clarke, Arthur C.",,"=""0446677949""","=""9780446677943""",0,3.95,Aspect,Paperback,332,2001,1979,,2023/03/22,"to-read, do_not_own_it, hugo-award-winners","to-read (#178), do_not_own_it (#55), hugo-award-winners (#31)",to-read,,,,0,0
263021,Dreamsnake,Vonda N. McIntyre,"McIntyre, Vonda N.",,"=""0553296590""","=""9780553296594""",0,3.87,Spectra,Mass Market Paperback,312,1994,1978,,2023/03/22,"to-read, do_not_own_it, hugo-award-winners","to-read (#177), do_not_own_it (#54), hugo-award-winners (#30)",to-read,,,,0,0
218427,"Gateway (Heechee Saga, #1)",Frederik Pohl,"Pohl, Frederik",,"=""0345475836""","=""9780345475831""",0,4.06,Del Rey,Paperback,278,2004,1977,,2023/03/22,"to-read, do_not_own_it, hugo-award-winners","to-read (#176), do_not_own_it (#53), hugo-award-winners (#29)",to-read,,,,0,0
968827,Where Late the Sweet Birds Sang,Kate Wilhelm,"Wilhelm, Kate",,"=""0060146540""","=""9780060146542""",0,3.85,Harper and Row,Hardcover,251,1977,1976,,2023/03/22,"to-read, do_not_own_it, hugo-award-winners","to-read (#175), do_not_own_it (#52), hugo-award-winners (#28)",to-read,,,,0,0
13651,The Dispossessed: An Ambiguous Utopia,Ursula K. Le Guin,"Guin, Ursula K. Le",,"=""""","=""""",0,4.25,Harper Voyager,Paperback,387,1994,1974,,2022/09/14,"to-read, do_not_own_it, hugo-award-winners","to-read (#147), do_not_own_it (#7), hugo-award-winners (#27)",to-read,,,,0,0
48855987,Rendezvous With Rama,Arthur C. Clarke,"Clarke, Arthur C.",,"=""0358380227""","=""9780358380221""",0,4.12,Harper Voyager,Paperback,282,2020,1973,,2022/03/30,"to-read, hugo-award-winners","to-read (#86), hugo-award-winners (#26)",to-read,,,,0,0
41821,The Gods Themselves,Isaac Asimov,"Asimov, Isaac",,"=""1857989341""","=""9781857989342""",0,4.09,Millenium,Paperback,288,2000,1972,,2023/03/22,"to-read, do_not_own_it, hugo-award-winners","to-read (#174), do_not_own_it (#51), hugo-award-winners (#25)",to-read,,,,0,0
189147,"To Your Scattered Bodies Go (Riverworld, #1)",Philip José Farmer,"Farmer, Philip José",,"=""0345419677""","=""9780345419675""",0,3.93,Del Rey,Paperback,220,1998,1971,,2023/03/22,"to-read, do_not_own_it, hugo-award-winners","to-read (#173), do_not_own_it (#50), hugo-award-winners (#24)",to-read,,,,0,0
41069,Stand on Zanzibar,John Brunner,"Brunner, John",,"=""1857988361""","=""9781857988369""",0,3.94,Gollancz,Paperback,672,1999,1968,,2023/03/22,"to-read, do_not_own_it, hugo-award-winners","to-read (#172), do_not_own_it (#49), hugo-award-winners (#23)",to-read,,,,0,0
16690,The Moon Is a Harsh Mistress,Robert A. Heinlein,"Heinlein, Robert A.",,"=""0340837942""","=""9780340837948""",0,4.15,Hodder & Stoughton,Paperback,288,2005,1966,,2022/03/30,"to-read, hugo-award-winners","to-read (#84), hugo-award-winners (#22)",to-read,,,,0,0
218709,The Wanderer,Fritz Leiber,"Leiber, Fritz",,"=""0575071125""","=""9780575071124""",0,3.38,Victor Gollancz,Paperback,346,2001,1964,,2022/03/30,"to-read, hugo-award-winners","to-read (#82), hugo-award-winners (#21)",to-read,,,,0,0
190999,Way Station,Clifford D. Simak,"Simak, Clifford D.",,"=""0020248717""","=""9780020248712""",0,4.03,Collier Books,Paperback,210,1992,1963,,2022/03/30,"to-read, hugo-award-winners","to-read (#81), hugo-award-winners (#20)",to-read,,,,0,0
164154,"A Canticle for Leibowitz (St. Leibowitz, #1)",Walter M. Miller Jr.,"Jr., Walter M. Miller",Mary Doria Russell,"=""0060892994""","=""9780060892999""",0,3.98,HarperCollins EOS,Paperback,334,2006,1959,,2022/03/30,"to-read, hugo-award-winners","to-read (#79), hugo-award-winners (#17)",to-read,,,,0,0
123673,"A Case of Conscience (After Such Knowledge, #4)",James Blish,"Blish, James",Greg Bear,"=""0345438353""","=""9780345438355""",0,3.62,Del Rey,Paperback,256,2000,1958,,2023/03/22,"to-read, hugo-award-winners","to-read (#171), hugo-award-winners (#16)",to-read,,,,0,0
102281,The Big Time,Fritz Leiber,"Leiber, Fritz",,"=""0312890788""","=""9780312890780""",0,3.24,Orb Books,Paperback,128,2001,1958,,2022/03/30,"to-read, hugo-award-winners","to-read (#77), hugo-award-winners (#15)",to-read,,,,0,0
92610,Rocannon’s World,Ursula K. Le Guin,"Guin, Ursula K. Le",,"=""0441732968""","=""9780441732968""",3,3.78,Ace,Mass Market Paperback,258,1966,1966,2023/03/21,2023/03/21,,,read,,,,1,0
60531406,Tress of the Emerald Sea,Brandon Sanderson,"Sanderson, Brandon",Howard Lyon,"=""""","=""""",0,4.37,Dragonsteel Entertainment,Kindle Edition,443,2023,2023,,2023/01/22,"to-read, do_not_own_it","to-read (#163), do_not_own_it (#48)",to-read,,,,0,0
61346208,Time Chain,Steven Decker,"Decker, Steven",,"=""1952481996""","=""9781952481994""",0,3.96,Bright Communications LLC,Paperback,306,2022,2022,,2023/01/31,"to-read, do_not_own_it","to-read (#164), do_not_own_it (#47)",to-read,,,,0,0
59808603,The Mountain in the Sea,Ray Nayler,"Nayler, Ray",,"=""0374605955""","=""9780374605957""",0,3.92,MCD,Hardcover,456,2022,2022,,2023/02/25,"to-read, do_not_own_it","to-read (#165), do_not_own_it (#46)",to-read,,,,0,0
61885085,"Witch King (The Rising World, #1)",Martha Wells,"Wells, Martha",,"=""1250826799""","=""9781250826794""",0,3.7,Tor Books,Hardcover,415,2023,2023,,2023/03/19,"to-read, do_not_own_it","to-read (#169), do_not_own_it (#45)",to-read,,,,0,0
61774690,Flux,Jinwoo Chong,"Chong, Jinwoo",,"=""1685890342""","=""9781685890346""",0,3.37,Melville House,Hardcover,341,2023,2023,,2023/03/19,"to-read, do_not_own_it","to-read (#170), do_not_own_it (#44)",to-read,,,,0,0
965878,The Left Hand of Darkness,Ursula K. Le Guin,"Guin, Ursula K. Le",,"=""0441478077""","=""9780441478071""",0,4.1,Ace,Mass Market Paperback,304,1982,1969,,2022/05/16,"to-read, hugo-award-winners","to-read (#105), hugo-award-winners (#2)",to-read,,,,0,0
3301759,"The Murders in the Rue Morgue (C. Auguste Dupin, #1)",Edgar Allan Poe,"Poe, Edgar Allan","Delfino Cinelli, Carlos Olivera","=""149616640X""","=""9781496166401""",0,3.81,CreateSpace Independent Publishing Platform,Paperback,38,2014,1841,,2023/01/25,to-read,to-read (#168),to-read,,,,0,0
10388881,"Towers of Midnight (Wheel of Time, #13)",Robert Jordan,"Jordan, Robert",Brandon Sanderson,"=""0765364875""","=""9780765364876""",5,4.48,Tor Books,Mass Market Paperback,1245,2011,2010,2023/03/17,2022/04/18,,,read,,,,1,0
29093292,"The Daily Stoic: 366 Meditations on Wisdom, Perseverance, and the Art of Living",Ryan Holiday,"Holiday, Ryan",Stephen Hanselman,"=""""","=""""",0,4.36,Portfolio,Hardcover,416,2016,2016,,2023/02/28,"to-read, do_not_own_it","to-read (#166), do_not_own_it (#43)",to-read,,,,0,0
60018575,Discipline Is Destiny: The Power of Self-Control,Ryan Holiday,"Holiday, Ryan",,"=""0593191692""","=""9780593191699""",0,4.27,Portfolio,Hardcover,312,2022,2022,,2023/02/28,"to-read, do_not_own_it","to-read (#167), do_not_own_it (#42)",to-read,,,,0,0
7141427,"The Gathering Storm (Wheel of Time, #12)",Robert Jordan,"Jordan, Robert",Brandon Sanderson,"=""0765341530""","=""9780765341532""",5,4.43,Tom Doherty Associates TOR Fantasy,Mass Market Paperback,1098,2010,2009,2023/03/01,2022/04/18,,,read,,,,1,0
43429887,Blood Music,Greg Bear,"Bear, Greg",,"=""""","=""""",4,3.85,Arbor House,Hardcover,215,1985,1985,2023/02/13,2022/09/14,,,read,,,,1,0
13888,"Knife of Dreams (The Wheel of Time, #11)",Robert Jordan,"Jordan, Robert",,"=""0812577566""","=""9780812577563""",4,4.2,Tom Doherty Associates,Mass Market Paperback,860,2006,2005,2023/02/07,2022/04/18,,,read,,,,1,0
339472,The Master and Margarita,Mikhail Bulgakov,"Bulgakov, Mikhail",Mirra Ginsburg,"=""""","=""""",0,4.29,Grove Press,Paperback,402,1994,1967,,2023/01/20,to-read,to-read (#162),to-read,,,,0,0
414853,"Foundation (Foundation, #1)",Isaac Asimov,"Asimov, Isaac",,"=""0345336275""","=""9780345336279""",0,4.17,Del Rey,Mass Market Paperback,285,1986,1951,,2023/01/16,to-read,to-read (#161),to-read,,,,0,0
898827,City,Clifford D. Simak,"Simak, Clifford D.",,"=""0441106269""","=""9780441106264""",0,4.08,Ace Science Fition,Mass Market Paperback,267,1981,1952,,2023/01/16,to-read,to-read (#160),to-read,,,,0,0
332210,"Crossroads of Twilight (The Wheel of Time, #10)",Robert Jordan,"Jordan, Robert",,"=""0812571339""","=""9780812571332""",4,3.78,Tor Fantasy,Mass Market Paperback,846,2003,2003,2023/01/11,2022/04/17,,,read,,,,1,0
8519058,Zone,Mathias Énard,"Énard, Mathias","Charlotte Mandell, Brian Evenson","=""1934824267""","=""9781934824269""",0,4.15,Open Letter,Paperback,517,2010,2008,,2022/12/20,to-read,to-read (#159),to-read,,,,0,0
320,One Hundred Years of Solitude,Gabriel García Márquez,"Márquez, Gabriel García",Gregory Rabassa,"=""""","=""""",0,4.12,Harper,Mass Market Paperback,417,2003,1967,,2022/12/20,to-read,to-read (#158),to-read,,,,0,0
394535,"Blood Meridian, or, the Evening Redness in the West",Cormac McCarthy,"McCarthy, Cormac",,"=""""","=""""",0,4.16,Vintage Books,Paperback,351,2010,1985,,2022/12/20,to-read,to-read (#157),to-read,,,,0,0
16034235,"Throne of Glass (Throne of Glass, #1)",Sarah J. Maas,"Maas, Sarah J.",,"=""1619630346""","=""9781619630345""",4,4.18,Bloomsbury YA,Paperback,406,2013,2012,2022/12/19,2022/12/05,,,read,,,,1,0
9466488,The Children of Men,P.D. James,"James, P.D.",,"=""""","=""""",0,3.67,Warner Vision,Mass Market Paperback,351,1994,1992,,2022/03/21,to-read,to-read (#59),to-read,,,,0,0
873486,War and Peace,Leo Tolstoy,"Tolstoy, Leo","Louise Maude, Aylmer Maude","=""1853260622""","=""9781853260629""",0,4.16,Wordsworth Editions,Paperback,1024,1993,1869,,2022/08/22,to-read,to-read (#134),to-read,,,,0,0
51159492,The Memory Police,Yōko Ogawa,"Ogawa, Yōko",Stephen    Snyder,"=""0375715339""","=""9780375715334""",0,3.72,Pantheon Books,Paperback,291,2019,1994,2022/12/07,2022/06/23,,,read,,,,1,0
533613,"The Color of Magic (Discworld, #1)",Terry Pratchett,"Pratchett, Terry",,"=""0061020710""","=""9780061020711""",4,4,Harper Torch,Mass Market Paperback,210,2000,1983,2022/12/04,2022/06/10,,,read,,,,1,0
7967,"Speaker for the Dead (Ender's Saga, #2)",Orson Scott Card,"Card, Orson Scott",,"=""0812550757""","=""9780812550757""",5,4.1,Tor Books,Paperback,382,1994,1986,2022/01/11,2021/10/26,hugo-award-winners,hugo-award-winners (#4),read,,,,1,0
28503870,Stories of Your Life and Others,Ted Chiang,"Chiang, Ted",,"=""1101972122""","=""9781101972120""",4,4.26,Vintage,Paperback,281,2016,2002,2022/11/26,2021/10/26,,,read,,,,1,0
35297106,"The Terminal List (Terminal List, #1)",Jack Carr,"Carr, Jack",,"=""1501180819""","=""9781501180811""",0,4.29,Atria/Emily Bestler Books,Hardcover,407,2018,2018,,2022/11/22,to-read,to-read (#156),to-read,,,,0,0
7135,The Brothers Karamazov,Fyodor Dostoevsky,"Dostoevsky, Fyodor","Andrew R. MacAndrew, Konstantin Mochulsky","=""0553212168""","=""9780553212167""",4,4.38,Bantam Classics,Mass Market Paperback,1045,1984,1880,2022/11/15,2022/08/27,,,read,,,,1,0
218677,"Callahan's Crosstime Saloon (Callahan's, #1)",Spider Robinson,"Robinson, Spider",,"=""0812572270""","=""9780812572278""",0,4.17,Tor Science Fiction,Paperback,205,1999,1977,,2022/10/15,"to-read, do_not_own_it","to-read (#154), do_not_own_it (#41)",to-read,,,,0,0
60012216,The Sandman (Sandman #1),Neil Gaiman,"Gaiman, Neil","Sam Kieth, Mike Dringenberg, Malcolm Jones III, Kelley Jones, Chris Bachalo, Michael Zulli, Steve Parkhouse, Charles Vess, Colleen Doran, Daniel Vozzo, Steve Oliff, Todd Klein, Dave McKean","=""1779515170""","=""9781779515179""",5,4.45,DC Black Label,Paperback,560,2022,1990,2022/10/16,2022/09/11,,,read,,,,1,0
33507,"Twenty Thousand Leagues Under the Sea (Captain Nemo, #2)",Jules Verne,"Verne, Jules",Anthony Bonner,"=""076072850X""","=""9780760728505""",0,3.89,Barnes & Noble,Hardcover,269,2002,1869,,2022/10/16,to-read,to-read (#155),to-read,,,,0,0
6334,Never Let Me Go,Kazuo Ishiguro,"Ishiguro, Kazuo",,"=""""","=""""",0,3.85,Vintage Books ,Paperback,288,2010,2005,,2022/03/21,"to-read, do_not_own_it","to-read (#60), do_not_own_it (#40)",to-read,,,,0,0
17333324,"Ancillary Justice (Imperial Radch, #1)",Ann Leckie,"Leckie, Ann",,"=""""","=""""",0,3.99,Orbit,Paperback,386,2013,2013,,2022/03/30,"to-read, do_not_own_it, hugo-award-winners","to-read (#67), do_not_own_it (#39), hugo-award-winners (#14)",to-read,,,,0,0
1825519,"The Sky Lords (Sky Lords, #1)",John Brosnan,"Brosnan, John",,"=""0312059647""","=""9780312059644""",0,4.2,St Martins Pr,Hardcover,318,1988,1988,,2022/03/21,"to-read, do_not_own_it","to-read (#58), do_not_own_it (#38)",to-read,,,,0,0
60405297,Origins of The Wheel of Time: The Legends and Mythologies that Inspired Robert Jordan,Michael Livingston,"Livingston, Michael",Harriet McDougal,"=""1250860520""","=""9781250860521""",0,4.13,Tor Books,Hardcover,256,2022,2022,,2022/02/15,"to-read, do_not_own_it","to-read (#51), do_not_own_it (#37)",to-read,,,,0,0
24113,"Gödel, Escher, Bach: An Eternal Golden Braid",Douglas R. Hofstadter,"Hofstadter, Douglas R.",,"=""0465026567""","=""9780465026562""",0,4.3,Basic Books,Paperback,777,1999,1979,,2022/01/25,"to-read, do_not_own_it","to-read (#47), do_not_own_it (#36)",to-read,,,,0,0
77566,"Hyperion (Hyperion Cantos, #1)",Dan Simmons,"Simmons, Dan",,"=""0553283685""","=""9780553283686""",0,4.27,Bantam Doubleday Dell Publishing Group,Mass Market Paperback,500,1990,1989,,2021/10/26,"to-read, hugo-award-winners","to-read (#22), hugo-award-winners (#13)",to-read,,,,0,0
332613,One Flew Over the Cuckoo’s Nest,Ken Kesey,"Kesey, Ken",,"=""""","=""""",0,4.2,Signet,Mass Market Paperback,325,1963,1962,,2021/01/09,to-read,to-read (#18),to-read,,,,0,0
63038,The Man Who Laughs,Victor Hugo,"Hugo, Victor",,"=""1934169005""","=""9781934169001""",0,4.24,Norilana Books,Paperback,672,2006,1869,,2021/01/09,"to-read, do_not_own_it","to-read (#14), do_not_own_it (#34)",to-read,,,,0,0
18077752,"Acceptance (Southern Reach, #3)",Jeff VanderMeer,"VanderMeer, Jeff",,"=""0374104115""","=""9780374104115""",0,3.65,"Farrar, Straus and Giroux",Paperback,341,2014,2014,,2021/01/09,"to-read, do_not_own_it","to-read (#12), do_not_own_it (#33)",to-read,,,,0,0
17214,Starship Troopers,Robert A. Heinlein,"Heinlein, Robert A.",,"=""""","=""""",0,4.01,Ace Books,Mass Market Paperback,264,1987,1959,,2022/03/30,"to-read, hugo-award-winners","to-read (#78), hugo-award-winners (#12)",to-read,,,,0,0
13827,This Immortal,Roger Zelazny,"Zelazny, Roger",,"=""0671698486""","=""9780671698485""",0,3.9,Baen (NY),Paperback,216,1989,1966,,2022/03/30,"to-read, do_not_own_it, hugo-award-winners","to-read (#83), do_not_own_it (#32), hugo-award-winners (#11)",to-read,,,,0,0
139986,"The Snow Queen (The Snow Queen Cycle, #1)",Joan D. Vinge,"Vinge, Joan D.",,"=""0446676640""","=""9780446676649""",0,3.95,Aspect,Paperback,448,2001,1980,,2022/04/01,"to-read, do_not_own_it, hugo-award-winners","to-read (#89), do_not_own_it (#31), hugo-award-winners (#9)",to-read,,,,0,0
264946,"Hominids (Neanderthal Parallax, #1)",Robert J. Sawyer,"Sawyer, Robert J.",,"=""0765345005""","=""9780765345004""",0,3.8,Tor Science Fiction,Paperback,444,2003,2002,,2022/04/01,"to-read, do_not_own_it, hugo-award-winners","to-read (#90), do_not_own_it (#30), hugo-award-winners (#8)",to-read,,,,0,0
61179,"Ringworld (Ringworld, #1)",Larry Niven,"Niven, Larry",,"=""0575077026""","=""9780575077027""",0,3.94,Gollancz,Paperback,288,2005,1970,,2022/04/01,to-read,to-read (#93),to-read,,,,0,0
242793,The World of Robert Jordan's the Wheel of Time,Robert Jordan,"Jordan, Robert",Teresa Patterson,"=""0312869363""","=""9780312869366""",0,3.95,Tor Books,Paperback,304,2001,1997,,2022/04/22,"to-read, do_not_own_it","to-read (#99), do_not_own_it (#29)",to-read,,,,0,0
49247242,Ring Shout,P. Djèlí Clark,"Clark, P. Djèlí",,"=""1250767024""","=""9781250767028""",0,3.98,Tordotcom,Hardcover,185,2020,2020,,2022/05/22,"to-read, do_not_own_it","to-read (#108), do_not_own_it (#28)",to-read,,,,0,0
52504334,"A Master of Djinn (Dead Djinn Universe, #1)",P. Djèlí Clark,"Clark, P. Djèlí",,"=""1250267676""","=""9781250267672""",0,4.02,Tordotcom,Kindle Edition,438,2021,2021,,2022/05/22,"to-read, do_not_own_it","to-read (#107), do_not_own_it (#27)",to-read,,,,0,0
12287,Endgame,Samuel Beckett,"Beckett, Samuel",,"=""0571070671""","=""9780571070671""",0,3.79,Faber and Faber,Paperback,60,1989,1957,,2022/06/02,"to-read, do_not_own_it","to-read (#115), do_not_own_it (#26)",to-read,,,,0,0
59151,Chess Story,Stefan Zweig,"Zweig, Stefan","Peter Gay, Joel Rotenberg, Стефан Цвайг","=""1590171691""","=""9781590171691""",0,4.27,NYRB Classics,Paperback,104,2005,1942,,2022/06/08,"to-read, do_not_own_it","to-read (#116), do_not_own_it (#25)",to-read,,,,0,0
230852,"City of Saints and Madmen (Ambergris, #1)",Jeff VanderMeer,"VanderMeer, Jeff",,"=""0553383574""","=""9780553383577""",0,3.86,Bantam,Paperback,704,2007,2002,,2022/06/22,"to-read, do_not_own_it","to-read (#119), do_not_own_it (#24)",to-read,,,,0,0
929783,The Iron Heel,Jack London,"London, Jack",Matt Soar,"=""""","=""""",0,3.78,Librivox,Audiobook,8,2010,1908,,2022/07/26,"to-read, do_not_own_it","to-read (#122), do_not_own_it (#23)",to-read,,,,0,0
76171,We,Yevgeny Zamyatin,"Zamyatin, Yevgeny",Clarence Brown,"=""0140185852""","=""9780140185850""",0,3.88,Penguin Books,Paperback,256,1993,1924,,2022/07/26,"to-read, do_not_own_it","to-read (#123), do_not_own_it (#22)",to-read,,,,0,0
11707229,Ode to Happiness,Keanu Reeves,"Reeves, Keanu",Alexandra Grant,"=""3869302097""","=""9783869302096""",0,4.26,Steidl,Hardcover,40,2011,2011,,2022/07/30,"to-read, do_not_own_it","to-read (#125), do_not_own_it (#21)",to-read,,,,0,0
1744663,Starlight 1,Patrick Nielsen Hayden,"Hayden, Patrick Nielsen",,"=""0312862156""","=""9780312862152""",0,3.5,Tor Books,Paperback,320,1996,1996,,2022/07/31,"to-read, do_not_own_it","to-read (#126), do_not_own_it (#20)",to-read,,,,0,0
1736233,Starlight 2,Patrick Nielsen Hayden,"Hayden, Patrick Nielsen",,"=""0312863128""","=""9780312863128""",0,3.6,Tor Books,Paperback,320,1999,1998,,2022/07/31,"to-read, do_not_own_it","to-read (#127), do_not_own_it (#19)",to-read,,,,0,0
612560,Starlight 3,Patrick Nielsen Hayden,"Hayden, Patrick Nielsen","Stephen Baxter, Terry Bisson, Ted Chiang, Susanna Clarke, Brenda W. Clough, D.G. Compton, Cory Doctorow, Andy Duncan, Colin Greenland, Alexander C. Irvine, Geoffrey A. Landis, Maureen F. McHugh, Susan Palwick, Madeleine E. Robins, Greg Van Eekhout, Jane Yolen","=""0312867794""","=""9780312867799""",0,3.56,Tor Books,Paperback,352,2002,2001,,2022/07/31,"to-read, do_not_own_it","to-read (#128), do_not_own_it (#18)",to-read,,,,0,0
34002132,"Oathbringer (The Stormlight Archive, #3)",Brandon Sanderson,"Sanderson, Brandon",,"=""076532637X""","=""9780765326379""",0,4.62,Tor Books,Hardcover,1248,2017,2017,,2022/08/06,"to-read, do_not_own_it","to-read (#130), do_not_own_it (#17)",to-read,,,,0,0
49021976,"Rhythm of War (The Stormlight Archive, #4)",Brandon Sanderson,"Sanderson, Brandon",,"=""0765326388""","=""9780765326386""",0,4.62,Tor Books,Hardcover,1232,2020,2020,,2022/08/06,"to-read, do_not_own_it","to-read (#131), do_not_own_it (#16)",to-read,,,,0,0
91950,The Myth of Sisyphus,Albert Camus,"Camus, Albert",Justin Obrien,"=""0141182008""","=""9780141182001""",0,4.18,Penguin Classics,Paperback,192,2013,1942,,2022/08/09,"to-read, do_not_own_it","to-read (#132), do_not_own_it (#15)",to-read,,,,0,0
60471573,Liberation Day,George Saunders,"Saunders, George",,"=""0525509593""","=""9780525509592""",0,3.99,Random House,Hardcover,256,2022,2022,,2022/08/19,"to-read, do_not_own_it","to-read (#133), do_not_own_it (#14)",to-read,,,,0,0
41817486,A Clockwork Orange,Anthony Burgess,"Burgess, Anthony",,"=""0393341763""","=""9780393341768""",0,4,W. W. Norton & Company,Paperback,240,2019,1962,,2022/08/22,"to-read, do_not_own_it","to-read (#135), do_not_own_it (#13)",to-read,,,,0,0
29226553,"Dark Age (Red Rising Saga, #5)",Pierce Brown,"Brown, Pierce",,"=""0425285952""","=""9780425285954""",0,4.48,Del Rey,ebook,704,2019,2019,,2022/08/26,"to-read, do_not_own_it","to-read (#140), do_not_own_it (#12)",to-read,,,,0,0
243685,A History of Western Philosophy,Bertrand Russell,"Russell, Bertrand",,"=""0671201581""","=""9780671201586""",0,4.13,Simon & Schuster,Paperback,906,1986,1945,,2022/08/27,"to-read, do_not_own_it","to-read (#142), do_not_own_it (#11)",to-read,,,,0,0
15823480,Anna Karenina,Leo Tolstoy,"Tolstoy, Leo","Aylmer Maude, Louise Maude, Dieter Wellershoff, Bruno Goetz, Lev Tolstoj, Léon Tolstoï","=""""","=""""",0,4.1,Vintage,Paperback,964,2012,1878,,2022/08/28,to-read,to-read (#143),to-read,,,,0,0
2294528,"Howl's Moving Castle (Howl's Moving Castle, #1)",Diana Wynne Jones,"Jones, Diana Wynne",,"=""0061478784""","=""9780061478789""",0,4.29,Greenwillow Books,Paperback,429,2008,1986,,2022/09/11,"to-read, do_not_own_it","to-read (#144), do_not_own_it (#10)",to-read,,,,0,0
845078,Hothouse,Brian W. Aldiss,"Aldiss, Brian W.",,"=""0671559303""","=""9780671559304""",0,3.62,Baen,Mass Market Paperback,309,1984,1962,,2022/09/14,"to-read, do_not_own_it","to-read (#145), do_not_own_it (#9)",to-read,,,,0,0
333867,The Stars My Destination,Alfred Bester,"Bester, Alfred",,"=""0679767800""","=""9780679767800""",0,4.06,Vintage,Hardcover,258,1996,1956,,2022/09/14,"to-read, do_not_own_it","to-read (#146), do_not_own_it (#8)",to-read,,,,0,0
1003311,Norstrilia,Cordwainer Smith,"Smith, Cordwainer",,"=""0345323009""","=""9780345323002""",0,4,Ballantine Del Rey,Mass Market Paperback,277,1985,1975,,2022/09/14,"to-read, do_not_own_it","to-read (#148), do_not_own_it (#6)",to-read,,,,0,0
951749,"The Dying Earth (The Dying Earth, #1)",Jack Vance,"Vance, Jack",,"=""0671831526""","=""9780671831523""",0,3.89,Pocket Books,Paperback,156,1977,1950,,2022/09/14,"to-read, do_not_own_it","to-read (#149), do_not_own_it (#5)",to-read,,,,0,0
92143,Bone: The Complete Edition,Jeff Smith,"Smith, Jeff",,"=""""","=""""",0,4.45,Cartoon Books,Paperback,1332,2004,1991,,2022/09/14,"to-read, do_not_own_it","to-read (#151), do_not_own_it (#3)",to-read,,,,0,0
57088641,The Plague,Albert Camus,"Camus, Albert",Laura Marris,"=""0593318668""","=""9780593318669""",0,4.02,Knopf,Hardcover,352,2021,1947,,2022/09/20,"to-read, do_not_own_it","to-read (#152), do_not_own_it (#2)",to-read,,,,0,0
60965426,The Creative Act: A Way of Being,Rick Rubin,"Rubin, Rick",,"=""0593652886""","=""9780593652886""",0,4.03,Penguin Press,Hardcover,406,2023,2023,,2022/10/14,"to-read, do_not_own_it","to-read (#153), do_not_own_it (#1)",to-read,,,,0,0
13891,"Winter's Heart (The Wheel of Time, #9)",Robert Jordan,"Jordan, Robert",,"=""081257558X""","=""9780812575583""",4,3.97,Tor Fantasy,Mass Market Paperback,780,2002,2000,2022/10/13,2022/04/17,,,read,,,,1,0
284736,On the Beach,Nevil Shute,"Shute, Nevil",,"=""0590030523""","=""9780590030526""",4,3.97,Scholastic,Paperback,234,1996,1957,2022/09/01,2021/01/10,,,read,,,,1,0
17351,A Brief History of Time,Stephen Hawking,"Hawking, Stephen","Ron Miller, Carl Sagan","=""055305340X""","=""""",0,4.21,Bantam,Paperback,198,1988,1988,,2022/07/29,to-read,to-read (#141),to-read,,,,0,0
33257757,"Iron Gold (Red Rising Saga, #4)",Pierce Brown,"Brown, Pierce",,"=""042528591X""","=""9780425285916""",0,4.23,Del Rey,Hardcover,602,2018,2018,,2022/08/26,to-read,to-read (#139),to-read,,,,0,0
18966806,"Morning Star (Red Rising Saga, #3)",Pierce Brown,"Brown, Pierce",,"=""0345539842""","=""9780345539847""",5,4.52,Del Rey,Hardcover,525,2016,2016,2022/08/26,2022/08/10,,,read,,,,1,0
16981,Invisible Man,Ralph Ellison,"Ellison, Ralph",,"=""""","=""""",0,3.91,Vintage,Paperback,581,1995,1952,,2022/08/22,to-read,to-read (#138),to-read,,,,0,0
3836,Don Quixote,Miguel de Cervantes Saavedra,"Saavedra, Miguel de Cervantes","Roberto González Echevarría, John Rutherford","=""""","=""""",0,3.9,Penguin Books,Paperback,1023,2003,1605,,2022/08/22,to-read,to-read (#137),to-read,,,,0,0
33574273,"A Wrinkle in Time (Time Quintet, #1)",Madeleine L'Engle,"L'Engle, Madeleine",,"=""1250153271""","=""9781250153272""",0,3.98,Square Fish,Paperback,218,2017,1962,,2022/08/22,to-read,to-read (#136),to-read,,,,0,0
59277882,"The Gray Man (Gray Man, #1)",Mark Greaney,"Greaney, Mark",,"=""051514701X""","=""9780515147018""",3,4.15,Berkley,Mass Market Paperback,456,2021,2009,2022/08/09,2022/06/20,,,read,,,,1,0
9647295,"The Way of Kings (The Stormlight Archive, #1)",Brandon Sanderson,"Sanderson, Brandon",,"=""0765365278""","=""9780765365279""",5,4.66,Tom Doherty,Mass Market Paperback,1258,2011,2010,2022/08/05,2022/01/08,,,read,,,,1,0
111113,Interaction of Color,Josef Albers,"Albers, Josef",Nicholas Fox Weber,"=""0300115954""","=""9780300115956""",0,4.07,Yale University Press,Paperback,160,2006,1971,,2022/08/03,to-read,to-read (#129),to-read,,,,0,0
41160292,Exhalation,Ted Chiang,"Chiang, Ted",,"=""""","=""""",0,4.27,Knopf,Kindle Edition,368,2019,2019,,2022/03/19,"to-read, hugo-award-winners","to-read (#57), hugo-award-winners (#6)",to-read,,,,0,0
375802,"Ender’s Game (Ender's Saga, #1)",Orson Scott Card,"Card, Orson Scott",,"=""0812550706""","=""9780812550702""",4,4.31,Tor,Mass Market Paperback,324,2004,1985,,2021/01/09,hugo-award-winners,hugo-award-winners (#3),read,,,,2,0
2767052,"The Hunger Games (The Hunger Games, #1)",Suzanne Collins,"Collins, Suzanne",,"=""0439023483""","=""9780439023481""",0,4.34,Scholastic Press,Hardcover,374,2008,2008,,2022/07/26,to-read,to-read (#124),to-read,,,,0,0
140974,"The Path of Daggers (The Wheel of Time, #8)",Robert Jordan,"Jordan, Robert",,"=""0812550293""","=""9780812550290""",4,3.93,Tor Books,Mass Market Paperback,685,1999,1998,2022/07/12,2022/04/17,,,read,,,,1,0
2767793,"The Hero of Ages (Mistborn, #3)",Brandon Sanderson,"Sanderson, Brandon",,"=""0765316897""","=""9780765316899""",0,4.55,Tor Books,Hardcover,572,2008,2008,,2022/06/29,to-read,to-read (#121),to-read,,,,0,0
68429,"The Well of Ascension (Mistborn, #2)",Brandon Sanderson,"Sanderson, Brandon",,"=""0765316889""","=""9780765316882""",0,4.38,Tor Books,Hardcover,590,2007,2007,,2022/06/29,to-read,to-read (#120),to-read,,,,0,0
49552,The Stranger,Albert Camus,"Camus, Albert",Matthew  Ward,"=""""","=""""",4,4.03,Vintage International,Paperback,123,1989,1942,2022/06/20,2022/01/23,,,read,,,,1,0
18490585,"The Final Empire (Mistborn, #1)",Brandon Sanderson,"Sanderson, Brandon",,"=""0765377136""","=""9780765377135""",5,4.48,Tor Trade,Paperback,664,2014,2006,2022/06/18,2022/06/05,,,read,,,,1,0
5776903,Three Novels: Molloy / Malone Dies / The Unnamable,Samuel Beckett,"Beckett, Samuel",Laura Lindgren,"=""0802144470""","=""9780802144478""",0,4.28,Grove Press,Paperback,407,2014,1958,,2022/06/14,to-read,to-read (#118),to-read,,,,0,0
46167,A Farewell to Arms,Ernest Hemingway,"Hemingway, Ernest",,"=""""","=""""",0,3.82,Scribner,Paperback,332,1995,1929,,2022/06/11,to-read,to-read (#117),to-read,,,,0,0
20697410,"Golden Son (Red Rising Saga, #2)",Pierce Brown,"Brown, Pierce",,"=""0345539818""","=""9780345539816""",5,4.47,Del Rey,Hardcover,447,2015,2015,2022/06/04,2022/05/29,,,read,,,,1,0
414998,The Songs of Distant Earth,Arthur C. Clarke,"Clarke, Arthur C.",,"=""0345322401""","=""9780345322401""",0,3.91,Del Rey/Ballantine Books,Mass Market Paperback,319,1991,1986,,2022/06/01,to-read,to-read (#114),to-read,,,,0,0
13356706,"The Fellowship of the Ring (The Lord of the Rings, #1)",J.R.R. Tolkien,"Tolkien, J.R.R.",,"=""0547928211""","=""9780547928210""",0,4.4,William Morrow Paperbacks,Paperback,407,2012,1954,,2022/05/26,to-read,to-read (#113),to-read,,,,0,0
123933,No Exit,Jean-Paul Sartre,"Sartre, Jean-Paul",,"=""0573613052""","=""9780573613050""",0,4.12,Concord Theatricals,Paperback,60,1958,1944,,2022/05/26,to-read,to-read (#112),to-read,,,,0,0
3717544,"The Magician's Nephew (Chronicles of Narnia, #1)",C.S. Lewis,"Lewis, C.S.",,"=""""","=""""",4,4.05,Harper Trophy,Paperback,221,1994,1955,2022/05/26,2022/05/19,,,read,,,,1,0
812374,Secret Knowledge: Rediscovering the Lost Techniques of the Old Masters,David Hockney,"Hockney, David",,"=""0142005126""","=""9780142005125""",0,4.17,Avery,Paperback,336,2006,2001,,2022/05/24,to-read,to-read (#111),to-read,,,,0,0
22590,Ubik,Philip K. Dick,"Dick, Philip K.",,"=""8498000831""","=""9788498000832""",0,4.11,La factoría de ideas,Paperback,288,2004,1969,,2022/05/23,to-read,to-read (#110),to-read,,,,0,0
168814,Keys to Drawing,Bert Dodson,"Dodson, Bert",,"=""0891343377""","=""9780891343370""",0,4.07,North Light Books,Paperback,224,1990,1985,,2022/05/23,to-read,to-read (#109),to-read,,,,0,0
13623848,The Song of Achilles,Madeline Miller,"Miller, Madeline",,"=""""","=""""",5,4.32,Ecco,Paperback,408,2012,2011,2022/05/22,2022/05/15,,,read,,,,1,0
31360,"Children of the Mind (Ender's Saga, #4)",Orson Scott Card,"Card, Orson Scott",,"=""0765304740""","=""9780765304742""",0,3.78,Tor Books,Paperback,370,2002,1996,,2022/05/21,to-read,to-read (#106),to-read,,,,0,0
636108,Dr. Bloodmoney,Philip K. Dick,"Dick, Philip K.",,"=""0375719296""","=""9780375719295""",0,3.7,Vintage,Paperback,298,2002,1963,,2022/05/16,to-read,to-read (#104),to-read,,,,0,0
24885533,The Paper Menagerie and Other Stories,Ken Liu,"Liu, Ken",,"=""1481442546""","=""9781481442541""",0,4.36,Gallery / Saga Press,Hardcover,450,2016,2016,,2022/05/16,to-read,to-read (#103),to-read,,,,0,0
18952341,"The Grace of Kings (The Dandelion Dynasty, #1)",Ken Liu,"Liu, Ken",,"=""1481424270""","=""9781481424271""",0,3.79,Saga Press,Hardcover,640,2015,2015,,2022/05/16,to-read,to-read (#102),to-read,,,,0,0
54900051,Madhouse at the End of the Earth: The Belgica's Journey into the Dark Antarctic Night,Julian Sancton,"Sancton, Julian",,"=""1984824333""","=""9781984824332""",0,4.27,Crown,Hardcover,354,2021,2021,,2022/05/16,to-read,to-read (#101),to-read,,,,0,0
22055262,"A Darker Shade of Magic (Shades of Magic, #1)",Victoria E. Schwab,"Schwab, Victoria E.",,"=""0765376458""","=""9780765376459""",2,4.05,Tor,Hardcover,400,2015,2015,2022/05/15,2022/03/12,,,read,,,,1,0
15839976,"Red Rising (Red Rising Saga, #1)",Pierce Brown,"Brown, Pierce",,"=""""","=""""",4,4.27,Del Rey,Hardcover,382,2014,2014,2022/05/05,2022/04/16,,,read,,,,1,0
13890,"A Crown of Swords (The Wheel of Time, #7)",Robert Jordan,"Jordan, Robert",,"=""0812550285""","=""9780812550283""",5,4.06,Tor Books,Mass Market Paperback,880,1997,1996,2022/05/01,2021/08/29,,,read,,,,1,0
52372,On Photography,Susan Sontag,"Sontag, Susan",,"=""0141187166""","=""9780141187167""",0,3.89,Penguin Books,Paperback,224,1979,1973,,2022/04/30,to-read,to-read (#100),to-read,,,,0,0
175324,Double Star,Robert A. Heinlein,"Heinlein, Robert A.",,"=""0345330137""","=""9780345330130""",4,3.91,Del Rey,Mass Market Paperback,243,1986,1956,2022/04/12,2022/03/30,,,read,,,,1,0
20170404,Station Eleven,Emily St. John Mandel,"Mandel, Emily St. John",,"=""0385353308""","=""9780385353304""",3,4.07,Knopf,Hardcover,333,2014,2014,2022/04/10,2022/03/21,,,read,,,,1,0
771085,My Bondage and My Freedom,Frederick Douglass,"Douglass, Frederick",John David Smith,"=""0140439188""","=""9780140439182""",0,4.38,Penguin Classics,Paperback,432,2003,1855,,2022/04/07,to-read,to-read (#98),to-read,,,,0,0
124175,Life and Times of Frederick Douglass,Frederick Douglass,"Douglass, Frederick",,"=""1853265691""","=""9781853265693""",0,4.35,Wordsworth Edition,Paperback,400,1998,1881,,2022/04/07,to-read,to-read (#97),to-read,,,,0,0
36529,Narrative of the Life of Frederick Douglass,Frederick Douglass,"Douglass, Frederick",,"=""1580495761""","=""9781580495769""",0,4.12,Prestwick House Inc.,Paperback,158,2004,1845,,2022/04/07,to-read,to-read (#95),to-read,,,,0,0
15196,"Maus I: A Survivor's Tale: My Father Bleeds History (Maus, #1)",Art Spiegelman,"Spiegelman, Art",,"=""0394541553""","=""9780394541556""",0,4.38,Pantheon Books,Hardcover,159,1991,1986,,2022/04/01,to-read,to-read (#94),to-read,,,,0,0
607244,The Metamorphosis,Franz Kafka,"Kafka, Franz",Stanley Corngold,"=""""","=""9780553211962""",4,3.88,Bantam Books,Paperback,201,1972,1915,2022/01/15,2021/01/09,,,read,,,,1,0
3369869,Childhood's End,Arthur C. Clarke,"Clarke, Arthur C.",,"=""0881032646""","=""9780881032642""",5,4.12,Turtleback Books,Library Binding,218,1987,1953,2022/03/31,2022/03/21,,,read,,,,1,0
77507,"Red Mars (Mars Trilogy, #1)",Kim Stanley Robinson,"Robinson, Kim Stanley",,"=""0553560735""","=""9780553560732""",0,3.86,Spectra Books,Mass Market Paperback,572,1993,1992,,2022/03/30,to-read,to-read (#87),to-read,,,,0,0
13821,Lord of Light,Roger Zelazny,"Zelazny, Roger",,"=""0060567236""","=""9780060567231""",0,4.06,Harper Voyager,Paperback,296,2010,1967,,2022/03/30,to-read,to-read (#85),to-read,,,,0,0
754001,They'd Rather Be Right,Mark Clifton,"Clifton, Mark",Frank Riley,"=""0898651654""","=""9780898651652""",0,3.02,Starblaze / The Donning Company,Paperback,173,1981,1954,,2022/03/30,to-read,to-read (#75),to-read,,,,0,0
76740,The Demolished Man,Alfred Bester,"Bester, Alfred",,"=""""","=""""",0,3.97,Millennium,Paperback,250,1999,1953,,2022/03/30,to-read,to-read (#74),to-read,,,,0,0
6597651,The Windup Girl,Paolo Bacigalupi,"Bacigalupi, Paolo",,"=""1597801577""","=""9781597801577""",0,3.75,Night Shade Books,Hardcover,359,2009,2009,,2022/03/30,to-read,to-read (#73),to-read,,,,0,0
4703581,The City & the City,China Miéville,"Miéville, China",,"=""0345497511""","=""9780345497512""",0,3.9,Del Rey/Ballantine Books,Hardcover,312,2009,2009,,2022/03/30,to-read,to-read (#72),to-read,,,,0,0
6506307,"Blackout (All Clear, #1)",Connie Willis,"Willis, Connie",,"=""0553803190""","=""9780553803198""",0,3.85,Spectra,Hardcover,491,2010,2010,,2022/03/30,to-read,to-read (#71),to-read,,,,0,0
8706185,Among Others,Jo Walton,"Walton, Jo",,"=""076532153X""","=""9780765321534""",0,3.71,Tor Books,Hardcover,304,2011,2011,,2022/03/30,to-read,to-read (#70),to-read,,,,0,0
33080122,"The Calculating Stars (Lady Astronaut Universe, #1)",Mary Robinette Kowal,"Kowal, Mary Robinette",,"=""""","=""""",0,3.96,Tor Books,Paperback,431,2018,2018,,2022/03/30,to-read,to-read (#68),to-read,,,,0,0
43798285,The Institute,Stephen        King,"King, Stephen",,"=""""","=""""",5,4.2,Scribner,Hardcover,561,2019,2019,2022/03/28,2022/02/19,,,read,,,,1,0
186074,"The Name of the Wind (The Kingkiller Chronicle, #1)",Patrick Rothfuss,"Rothfuss, Patrick",,"=""075640407X""","=""9780756404079""",0,4.52,Penguin Group DAW,Hardcover,662,2007,2007,,2022/03/26,to-read,to-read (#66),to-read,,,,0,0
57693582,Hummingbird Salamander,Jeff VanderMeer,"VanderMeer, Jeff",,"=""1250829771""","=""9781250829771""",0,3.25,Picador Paper,Paperback,384,2022,2021,,2022/03/26,to-read,to-read (#64),to-read,,,,0,0
3249599,The Masks of God: Primitive Mythology,Joseph Campbell,"Campbell, Joseph",,"=""""","=""""",0,4.27,Penguin,Paperback,504,1959,1959,,2022/01/08,to-read,to-read (#63),to-read,,,,0,0
34630284,Leaves of Grass,Walt Whitman,"Whitman, Walt",,"=""1423647742""","=""9781423647744""",0,4.12,Gibbs Smith,Hardcover,414,2017,1855,,2022/01/15,to-read,to-read (#62),to-read,,,,0,0
18077769,"Authority (Southern Reach, #2)",Jeff VanderMeer,"VanderMeer, Jeff",,"=""0374104107""","=""9780374104108""",0,3.54,"Farrar, Straus and Giroux",Paperback,341,2014,2014,,2021/01/09,to-read,to-read (#61),to-read,,,,0,0
35231,"Lord of Chaos (The Wheel of Time, #6)",Robert Jordan,"Jordan, Robert",,"=""0812513754""","=""9780812513752""",5,4.19,Tom Doherty Associates,Mass Market Paperback,1011,1995,1994,2022/03/23,2021/08/29,,,read,,,,1,0
509784,The End of Eternity,Isaac Asimov,"Asimov, Isaac",Apostol András,"=""0449016196""","=""9780449016190""",0,4.24,Fawcett Crest,Mass Market Paperback,192,1971,1955,,2022/03/06,to-read,to-read (#56),to-read,,,,0,0
58446227,Sea of Tranquility,Emily St. John Mandel,"Mandel, Emily St. John",,"=""0593321448""","=""9780593321447""",0,4.07,Knopf,Hardcover,259,2022,2022,,2022/02/23,to-read,to-read (#55),to-read,,,,0,0
57693406,The Kaiju Preservation Society,John Scalzi,"Scalzi, John",,"=""0765389126""","=""9780765389121""",0,3.99,Tor Books,Hardcover,264,2022,2022,,2022/02/23,to-read,to-read (#54),to-read,,,,0,0
3973,"Ilium (Ilium, #1)",Dan Simmons,"Simmons, Dan",,"=""0380817926""","=""9780380817924""",0,4.04,HarperTorch,Mass Market Paperback,731,2005,2003,,2022/02/21,to-read,to-read (#53),to-read,,,,0,0
23452321,"New Spring (Wheel of Time, #0)",Robert Jordan,"Jordan, Robert",,"=""""","=""""",4,4.07,Tom Doherty Associates Tor Books,Mass Market Paperback,359,2005,2004,2022/02/19,2021/10/31,,,read,,,,1,0
8855321,"Leviathan Wakes (The Expanse, #1)",James S.A. Corey,"Corey, James S.A.",,"=""1841499889""","=""9781841499888""",0,4.31,Orbit,Paperback,592,2011,2011,,2022/02/19,to-read,to-read (#52),to-read,,,,0,0
40810591,"Supernova in the East (Hardcore History, #62-67)",Dan Carlin,"Carlin, Dan",,"=""""","=""""",5,4.69,,Audiobook,,2018,2018,2022/02/09,2022/01/20,,,read,,,,1,0
254249,The Making of Modern Japan,Marius B. Jansen,"Jansen, Marius B.",,"=""0674009916""","=""9780674009912""",0,4.06,Belknap Press,Paperback,936,2002,2000,,2022/02/09,to-read,to-read (#50),to-read,,,,0,0
1308900,The Harper Encyclopedia of Military History: From 3500 BC to the Present,R. Ernest Dupuy,"Dupuy, R. Ernest",Trevor N. Dupuy,"=""0062700561""","=""9780062700568""",0,4.41,HarperResource,Hardcover,1654,1993,1970,,2022/02/09,to-read,to-read (#49),to-read,,,,0,0
273197,Embracing Defeat: Japan in the Wake of World War II,John W. Dower,"Dower, John W.",,"=""0393320278""","=""9780393320275""",0,4.15,W. W. Norton & Company,Paperback,676,2000,1999,,2022/02/09,to-read,to-read (#48),to-read,,,,0,0
54493401,Project Hail Mary,Andy Weir,"Weir, Andy",,"=""0593135202""","=""9780593135204""",4,4.5,Ballantine Books,Hardcover,476,2021,2021,2022/02/08,2022/02/06,,,read,,,,1,0
49947205,"The End is Always Near: Apocalyptic Moments, from the Bronze Age Collapse to Nuclear Near Misses",Dan Carlin,"Carlin, Dan",,"=""0008340927""","=""9780008340926""",0,3.9,William Collins,Hardcover,288,2019,2019,,2022/01/20,to-read,to-read (#46),to-read,,,,0,0
22623,Existentialism and Human Emotions,Jean-Paul Sartre,"Sartre, Jean-Paul",,"=""0806509023""","=""9780806509020""",0,3.82,Citadel Press,Paperback,96,1994,1957,,2022/01/15,to-read,to-read (#45),to-read,,,,0,0
10000,The Face of Another,Kōbō Abe,"Abe, Kōbō",,"=""0375726535""","=""9780375726538""",0,3.75,Vintage,Paperback,238,2003,1964,,2022/01/13,to-read,to-read (#44),to-read,,,,0,0
109800,"Wild Fermentation: The Flavor, Nutrition, and Craft of Live-Culture Foods",Sandor Ellix Katz,"Katz, Sandor Ellix",Sally Fallon,"=""1931498237""","=""9781931498234""",0,4.38,Chelsea Green Publishing,Paperback,187,2003,2001,,2021/12/05,to-read,to-read (#43),to-read,,,,0,0
8648,"Xenocide (Ender's Saga, #3)",Orson Scott Card,"Card, Orson Scott",,"=""0312861877""","=""9780312861872""",0,3.82,Tor Books,Mass Market Paperback,592,1996,1991,,2022/01/08,to-read,to-read (#42),to-read,,,,0,0
58369678,How Civil Wars Start: And How to Stop Them,Barbara F. Walter,"Walter, Barbara F.",,"=""0593137787""","=""9780593137789""",0,4.24,Crown,Hardcover,320,2022,2022,,2022/01/07,to-read,to-read (#41),to-read,,,,0,0
6949682,The Stories of Ibis,Hiroshi Yamamoto,"Yamamoto, Hiroshi",Takami Nieda,"=""1421534401""","=""9781421534404""",0,4.25,Haikasoru,Paperback,422,2010,2006,,2022/01/03,to-read,to-read (#40),to-read,,,,0,0
50202953,Piranesi,Susanna Clarke,"Clarke, Susanna",,"=""163557563X""","=""9781635575637""",0,4.22,Bloomsbury,Hardcover,272,2020,2020,,2022/01/03,to-read,to-read (#39),to-read,,,,0,0
57485191,An Unapologetic Cookbook,Joshua Weissman,"Weissman, Joshua",,"=""1615649980""","=""9781615649983""",5,4.39,Alpha an imprint of Penguin,Hardcover,256,2021,,,2022/01/01,,,read,,,,1,0
140975,"The Fires of Heaven (The Wheel of Time, #5)",Robert Jordan,"Jordan, Robert",,"=""0812550307""","=""9780812550306""",4,4.2,Tor Fantasy,Mass Market Paperback,989,1994,1993,2021/12/30,2021/08/29,,,read,,,,1,0
36436084,The Great Hunger (Penguin Modern),Patrick Kavanagh,"Kavanagh, Patrick",,"=""0241339340""","=""9780241339343""",0,3.48,Penguin Classics,Paperback,64,2018,1942,,2021/12/28,to-read,to-read (#38),to-read,,,,0,0
55159396,Ploughman and Other Poems,Patrick Kavanagh,"Kavanagh, Patrick",,"=""""","=""""",0,4,Macmillan & Co.,Unknown Binding,35,1936,,,2021/12/28,to-read,to-read (#37),to-read,,,,0,0
23981874,Bread Science: The Chemistry and Craft of Making Bread,Emily Jane Buehler,"Buehler, Emily Jane",,"=""0977806812""","=""9780977806812""",0,4.28,Two Blue Books,Kindle Edition,412,2014,2006,,2021/12/07,to-read,to-read (#36),to-read,,,,0,0
857502,Concerning the Spiritual in Art,Wassily Kandinsky,"Kandinsky, Wassily",M.T.H. Sadler,"=""0486234118""","=""9780486234113""",0,3.85,Dover Publications,Paperback,80,1977,1912,,2021/11/26,to-read,to-read (#35),to-read,,,,0,0
13536517,Jerusalem: A Cookbook,Yotam Ottolenghi,"Ottolenghi, Yotam",Sami Tamimi,"=""044901567X""","=""9780449015674""",0,4.2,Appetite by Random House,Hardcover,320,2012,2012,,2021/11/13,to-read,to-read (#34),to-read,,,,0,0
10357575,"1Q84 (1Q84, #1-3)",Haruki Murakami,"Murakami, Haruki","Jay Rubin, Philip Gabriel","=""0307593312""","=""9780307593313""",0,3.95,Knopf,Hardcover,944,2011,2009,,2021/01/09,to-read,to-read (#33),to-read,,,,0,0
1018881,Player Piano,Kurt Vonnegut Jr.,"Jr., Kurt Vonnegut",,"=""0440070376""","=""9780440070375""",0,3.9,Dell,Mass Market Paperback,320,1974,1952,,2021/01/09,to-read,to-read (#32),to-read,,,,0,0
17934530,"Annihilation (Southern Reach, #1)",Jeff VanderMeer,"VanderMeer, Jeff",,"=""0374104093""","=""9780374104092""",5,3.78,"Farrar, Straus and Giroux",Paperback,195,2014,2014,2021/11/13,2021/01/09,,,read,,,,1,0
9539,"The Shadow Rising (The Wheel of Time, #4)",Robert Jordan,"Jordan, Robert",,"=""0812513738""","=""9780812513738""",4,4.28,Tom Doherty Tor Fantasy,Mass Market Paperback,1007,1993,1992,2021/11/07,2021/08/24,,,read,,,,1,0
28746,In Persuasion Nation,George Saunders,"Saunders, George",,"=""159448242X""","=""9781594482427""",0,4.09,Riverhead Books,Paperback,228,2007,2006,,2021/10/31,to-read,to-read (#31),to-read,,,,0,0
76778,The Martian Chronicles,Ray Bradbury,"Bradbury, Ray",Michael Whelan,"=""0553278223""","=""9780553278224""",0,4.15,Bantam/Spectra,Mass Market Paperback,182,1984,1950,,2021/10/31,to-read,to-read (#30),to-read,,,,0,0
37590384,Foundations of Flavor: The Noma Guide to Fermentation,René Redzepi,"Redzepi, René",David Zilber,"=""1579657184""","=""9781579657185""",0,4.56,Artisan,Hardcover,456,2018,2018,,2021/10/30,to-read,to-read (#29),to-read,,,,0,0
13598307,The Art of Fermentation: An in-Depth Exploration of Essential Concepts and Processes from Around the World,Sandor Ellix Katz,"Katz, Sandor Ellix",,"=""160358286X""","=""9781603582865""",0,4.44,Chelsea Green Publishing,Hardcover,528,2012,2012,,2021/10/30,to-read,to-read (#28),to-read,,,,0,0
35031085,Frankenstein: The 1818 Text,Mary Wollstonecraft Shelley,"Shelley, Mary Wollstonecraft",Charlotte Gordon,"=""0143131842""","=""9780143131847""",0,3.88,Penguin Classics,Paperback,260,2018,1818,,2021/10/30,to-read,to-read (#27),to-read,,,,0,0
30078567,"The Collapsing Empire (The Interdependency, #1)",John Scalzi,"Scalzi, John",,"=""0765388898""","=""9780765388896""",0,4.12,Tor Books,ebook,336,2017,2017,,2021/10/30,to-read,to-read (#26),to-read,,,,0,0
37794149,"A Memory Called Empire (Teixcalaan, #1)",Arkady Martine,"Martine, Arkady",,"=""1529001587""","=""9781529001587""",0,4.12,Tor,Paperback,448,2019,2019,,2021/10/26,to-read,to-read (#25),to-read,,,,0,0
54483293,Purgatory Mount,Adam Roberts,"Roberts, Adam",,"=""1473230942""","=""9781473230941""",0,3.44,Gollancz,Hardcover,320,2021,2021,,2021/10/26,to-read,to-read (#24),to-read,,,,0,0
41216866,Little Birds: a collection of short stories,Hannah Lee Kidder,"Kidder, Hannah Lee",,"=""""","=""""",0,4.17,,,76,2018,,,2021/10/26,to-read,to-read (#23),to-read,,,,0,0
34897,"The Dragon Reborn (The Wheel of Time, #3)",Robert Jordan,"Jordan, Robert",,"=""0765305119""","=""9780765305114""",5,4.28,Tor Fantasy,Mass Market Paperback,624,2002,1991,2021/09/08,2021/08/14,,,read,,,,1,0
886229,R is for Rocket,Ray Bradbury,"Bradbury, Ray",,"=""055325040X""","=""9780553250404""",0,4.12,Bantam,Paperback,184,1984,1962,,2021/07/05,to-read,to-read (#21),to-read,,,,0,0
50403486,Subprime Attention Crisis (FSG Originals x Logic),Tim Hwang,"Hwang, Tim",,"=""0374538654""","=""9780374538651""",0,3.62,FSG,Paperback,176,2020,,,2021/03/17,to-read,to-read (#20),to-read,,,,0,0
2745816,Slaughterhouse-Five,Kurt Vonnegut Jr.,"Jr., Kurt Vonnegut",,"=""""","=""""",0,4.1,Dell,Paperback,215,1976,1969,,2021/01/09,to-read,to-read (#2),to-read,,,,0,0
22288,Haunted,Chuck Palahniuk,"Palahniuk, Chuck",,"=""1400032822""","=""9781400032822""",0,3.59,Vintage,Paperback,419,2006,2005,,2021/01/09,to-read,to-read (#19),to-read,,,,0,0
5907,"The Hobbit, or There and Back Again (The Lord of the Rings, #0)",J.R.R. Tolkien,"Tolkien, J.R.R.","Douglas A. Anderson, Michael Hague, Jemima Catlin","=""""","=""""",0,4.29,Houghton Mifflin,Paperback,366,2002,1937,,2021/01/09,to-read,to-read (#17),to-read,,,,0,0
14028,Snow Country,Yasunari Kawabata,"Kawabata, Yasunari",Edward G. Seidensticker,"=""0679761047""","=""9780679761044""",5,3.58,Vintage,Paperback,175,1996,1948,,2021/01/09,,,read,,,,1,0
16142053,"Going Clear: Scientology, Hollywood, and the Prison of Belief",Lawrence Wright,"Wright, Lawrence",,"=""0307700666""","=""9780307700667""",0,4.04,Alfred A. Knopf,Hardcover,430,2013,2013,,2021/01/09,to-read,to-read (#16),to-read,,,,0,0
59980,Batman: Year One,Frank Miller,"Miller, Frank","David Mazzucchelli, Richmond Lewis, Dennis O'Neil, Todd Klein","=""1401207529""","=""9781401207526""",5,4.24,DC Comics,Paperback,144,2007,1988,,2021/01/09,,,read,,,,1,0
1617,"Night  (The Night Trilogy, #1)",Elie Wiesel,"Wiesel, Elie","Marion Wiesel, François Mauriac","=""""","=""""",5,4.38,Hill & Wang,Paperback,120,2006,1956,,2021/01/09,,,read,,,,1,0
2657,To Kill a Mockingbird,Harper Lee,"Lee, Harper",,"=""""","=""""",4,4.26,Harper Perennial Modern Classics ,Paperback,323,2006,1960,,2021/01/09,,,read,,,,1,0
40961427,1984,George Orwell,"Orwell, George",,"=""""","=""""",0,4.19,Houghton Mifflin Harcourt,Kindle Edition,298,2013,1949,,2021/01/09,to-read,to-read (#15),to-read,,,,0,0
662,Atlas Shrugged,Ayn Rand,"Rand, Ayn",Leonard Peikoff,"=""0452011876""","=""9780452011878""",0,3.69,Plume,Paperback,1168,1999,1957,,2021/01/09,to-read,to-read (#11),to-read,,,,0,0
23168817,"The Dark Forest (Remembrance of Earth’s Past, #2)",Liu Cixin,"Cixin, Liu",Joel Martinsen,"=""""","=""""",0,4.41,Tor Books,Hardcover,512,2015,2008,,2021/01/09,to-read,to-read (#10),to-read,,,,0,0
25451264,"Death's End (Remembrance of Earth’s Past, #3)",Liu Cixin,"Cixin, Liu",Ken Liu,"=""0765377101""","=""9780765377104""",0,4.41,TOR,Hardcover,604,2016,2010,,2021/01/09,to-read,to-read (#9),to-read,,,,0,0
40470,"Cities of the Plain (The Border Trilogy, #3)",Cormac McCarthy,"McCarthy, Cormac",,"=""0679747192""","=""9780679747192""",0,4.13,Vintage Books,Paperback,293,1999,1998,,2021/01/09,to-read,to-read (#8),to-read,,,,0,0
365990,"The Crossing (The Border Trilogy, #2)",Cormac McCarthy,"McCarthy, Cormac",,"=""""","=""""",0,4.16,Alfred A. Knopf,Hardcover,426,1994,1994,,2021/01/09,to-read,to-read (#7),to-read,,,,0,0
2122,The Fountainhead,Ayn Rand,"Rand, Ayn",Leonard Peikoff,"=""""","=""""",0,3.89,Signet Book,Mass Market Paperback,704,1996,1943,,2021/01/09,to-read,to-read (#6),to-read,,,,0,0
20518872,"The Three-Body Problem (Remembrance of Earth’s Past, #1)",Liu Cixin,"Cixin, Liu",Ken Liu,"=""""","=""""",4,4.08,Tor Books,Hardcover,472,2014,2006,,2021/01/09,,,read,,,,1,0
70535,"2001: A Space Odyssey (Space Odyssey, #1)",Arthur C. Clarke,"Clarke, Arthur C.",,"=""""","=""""",0,4.17,Roc,Paperback,297,2000,1968,,2021/01/09,to-read,to-read (#5),to-read,,,,0,0
5129,Brave New World,Aldous Huxley,"Huxley, Aldous",,"=""0060929871""","=""9780060929879""",0,3.99,HarperPerennial / Perennial Classics,Paperback,268,1998,1932,,2021/01/09,to-read,to-read (#4),to-read,,,,0,0
44767458,"Dune (Dune, #1)",Frank Herbert,"Herbert, Frank",,"=""""","=""""",0,4.28,Ace,Hardcover,658,2019,1965,,2021/01/09,to-read,to-read (#3),to-read,,,,0,0
9969571,"Ready Player One (Ready Player One, #1)",Ernest Cline,"Cline, Ernest",,"=""030788743X""","=""9780307887436""",4,4.23,Crown Publishers,Hardcover,480,2011,2011,,2021/01/09,,,read,,,,1,0
13079982,Fahrenheit 451,Ray Bradbury,"Bradbury, Ray",,"=""""","=""""",5,3.96,Simon & Schuster,Kindle Edition,194,2011,1953,,2021/01/09,,,read,,,,1,0
170448,Animal Farm,George Orwell,"Orwell, George","Russell Baker, C.M. Woodhouse","=""0451526341""","=""9780451526342""",0,3.99,Signet Classics,Mass Market Paperback,141,1996,1945,,2021/01/09,to-read,to-read (#1),to-read,,,,0,0
